,book,character_name,alias
0,A Feast for Crows,Addam Marbrand,Unknown
1,A Dance with Dragons,Adrack Humble,Unknown
2,A Game of Thrones,Aegon Frey,Unknown
3,A Clash of Kings,Aegon Frey,Unknown
4,A Storm of Sword,Aegon Frey,Unknown
5,A Dance with Dragons,Aegon Frey,Unknown
6,A Game of Thrones,Aegon I Targaryen,"Aegon the Conqueror,Aegon the Dragonlord,Aegon the Dragon"
7,A Clash of Kings,Aegon I Targaryen,"Aegon the Conqueror,Aegon the Dragonlord,Aegon the Dragon"
8,A Storm of Sword,Aegon I Targaryen,"Aegon the Conqueror,Aegon the Dragonlord,Aegon the Dragon"
9,A Feast for Crows,Aegon I Targaryen,"Aegon the Conqueror,Aegon the Dragonlord,Aegon the Dragon"
10,A Dance with Dragons,Aegon I Targaryen,"Aegon the Conqueror,Aegon the Dragonlord,Aegon the Dragon"
11,A Feast for Crows,Aemon (wildling),Unknown
12,A Game of Thrones,Aemon Targaryen (Son of Maekar I),"Aemon Targaryen,Uncle Maester"
13,A Feast for Crows,Aemon Targaryen (Son of Maekar I),"Aemon Targaryen,Uncle Maester"
14,A Game of Thrones,Aenys Frey,Unknown
15,A Clash of Kings,Aenys Frey,Unknown
16,A Storm of Sword,Aenys Frey,Unknown
17,A Dance with Dragons,Aenys Frey,Unknown
18,A Clash of Kings,Aerion Targaryen,"Aerion Brightflame,Aerion the Monstrous,The Bright Prince,The Prince Who Thought He Was a Dragon"
19,A Storm of Sword,Aerion Targaryen,"Aerion Brightflame,Aerion the Monstrous,The Bright Prince,The Prince Who Thought He Was a Dragon"
20,A Dance with Dragons,Aerion Targaryen,"Aerion Brightflame,Aerion the Monstrous,The Bright Prince,The Prince Who Thought He Was a Dragon"
21,A Feast for Crows,Aeron Greyjoy,Damphair
22,A Game of Thrones,Aethelmure,Unknown
23,A Game of Thrones,Aggo,Unknown
24,A Storm of Sword,Aladale Wynch,Unknown
25,A Clash of Kings,Alannys Harlaw,Unknown
26,A Feast for Crows,Alannys Harlaw,Unknown
27,A Game of Thrones,Albar Royce,Unknown
28,A Feast for Crows,Albar Royce,Unknown
29,A Game of Thrones,Albett,Pimple
30,A Feast for Crows,Alchemist,Unknown
31,A Storm of Sword,Alekyne Florent,Unknown
32,A Feast for Crows,Alerie Hightower,Unknown
33,A Feast for Crows,Alester Oakheart,Unknown
34,A Clash of Kings,Alfyn,Alfyn Crowkiller
35,A Clash of Kings,All-for-Joffrey,All-for-Joffrey
36,A Feast for Crows,Alleras,Unknown
37,A Game of Thrones,Alliser Thorne,Unknown
38,A Storm of Sword,Allyria Dayne,Unknown
39,A Feast for Crows,Alvyn Sharp,Unknown
40,A Feast for Crows,Alyce Graceford,Unknown
41,A Game of Thrones,Alyn,Unknown
42,A Clash of Kings,Alyn Haigh,Unknown
43,A Storm of Sword,Alyn Haigh,Unknown
44,A Feast for Crows,Alyn Haigh,Unknown
45,A Feast for Crows,Alyn Orkwood,Orkwood of Orkmont
46,A Clash of Kings,Alyn Stackspear,Unknown
47,A Feast for Crows,Alyn Stackspear,Unknown
48,A Feast for Crows,Alysanne Bulwer,Unknown
49,A Dance with Dragons,Alysanne Bulwer,Unknown
50,A Dance with Dragons,Alyssa Blackwood,Unknown
51,A Clash of Kings,Amerei Frey,Unknown
52,A Storm of Sword,Amerei Frey,Unknown
53,A Feast for Crows,Amerei Frey,Unknown
54,A Game of Thrones,Amory Lorch,Unknown
55,A Clash of Kings,Amory Lorch,Unknown
56,A Storm of Sword,Amory Lorch,Unknown
57,A Feast for Crows,Amory Lorch,Unknown
58,A Game of Thrones,Andar Royce,Unknown
59,A Storm of Sword,Andrey Charlton,Unknown
60,A Feast for Crows,Andrey Dalt,Drey
61,A Feast for Crows,Andrik,Andrik the Unsmiling
62,A Game of Thrones,Andros Brax,Unknown
63,A Game of Thrones,Anguy,"Anguy the Archer,Archer"
64,A Storm of Sword,Anguy,"Anguy the Archer,Archer"
65,A Clash of Kings,Annara Farring,Unknown
66,A Storm of Sword,Annara Farring,Unknown
67,A Feast for Crows,Annara Farring,Unknown
68,A Dance with Dragons,Annara Farring,Unknown
69,A Clash of Kings,Antario Jast,Unknown
70,A Storm of Sword,Antario Jast,Unknown
71,A Feast for Crows,Antario Jast,Unknown
72,A Game of Thrones,Anya Waynwood,Unknown
73,A Feast for Crows,Anya Waynwood,Unknown
74,A Clash of Kings,Ardrian Celtigar,The Red Crab
75,A Storm of Sword,Ardrian Celtigar,The Red Crab
76,A Feast for Crows,Areo Hotah,Unknown
77,A Game of Thrones,Arianne Martell,Unknown
78,A Clash of Kings,Arianne Martell,Unknown
79,A Storm of Sword,Arianne Martell,Unknown
80,A Feast for Crows,Arianne Martell,Unknown
81,A Dance with Dragons,Arianne Martell,Unknown
82,The Winds of Winter,Arianne Martell,Unknown
83,A Feast for Crows,Armen,Unknown
84,A Game of Thrones,Aron Santagar,Unknown
85,A Clash of Kings,Aron Santagar,Unknown
86,A Feast for Crows,Aron Santagar,Unknown
87,A Feast for Crows,Arryk,Unknown
88,A Clash of Kings,Arstan Selmy,Unknown
89,A Game of Thrones,Arthur Dayne,Unknown
90,A Clash of Kings,Arthur Dayne,Unknown
91,A Storm of Sword,Arthur Dayne,Unknown
92,A Feast for Crows,Arthur Dayne,Unknown
93,A Dance with Dragons,Arthur Dayne,Unknown
94,A Dance with Dragons,Artos Flint,Unknown
95,A Feast for Crows,Arwood Frey,Unknown
96,A Clash of Kings,Arwyn Frey,Unknown
97,A Storm of Sword,Arwyn Frey,Unknown
98,A Feast for Crows,Arwyn Frey,Unknown
99,A Dance with Dragons,Arwyn Frey,Unknown
100,A Game of Thrones,Arya Stark,"Arya Underfoot,Arya Horseface,Lumpyface,Lumpyhead,Weasel,The ghost in Harrenhal,Nan,Squab,Nymeria,Salty,Arry,Cat of the Canals,The blind girl,The ugly girl,Beth,Mercy,Rabbitkiller,Wolf girl,Mercedene"
101,A Clash of Kings,Arya Stark,"Arya Underfoot,Arya Horseface,Lumpyface,Lumpyhead,Weasel,The ghost in Harrenhal,Nan,Squab,Nymeria,Salty,Arry,Cat of the Canals,The blind girl,The ugly girl,Beth,Mercy,Rabbitkiller,Wolf girl,Mercedene"
102,A Storm of Sword,Arya Stark,"Arya Underfoot,Arya Horseface,Lumpyface,Lumpyhead,Weasel,The ghost in Harrenhal,Nan,Squab,Nymeria,Salty,Arry,Cat of the Canals,The blind girl,The ugly girl,Beth,Mercy,Rabbitkiller,Wolf girl,Mercedene"
103,A Feast for Crows,Arya Stark,"Arya Underfoot,Arya Horseface,Lumpyface,Lumpyhead,Weasel,The ghost in Harrenhal,Nan,Squab,Nymeria,Salty,Arry,Cat of the Canals,The blind girl,The ugly girl,Beth,Mercy,Rabbitkiller,Wolf girl,Mercedene"
104,A Dance with Dragons,Arya Stark,"Arya Underfoot,Arya Horseface,Lumpyface,Lumpyhead,Weasel,The ghost in Harrenhal,Nan,Squab,Nymeria,Salty,Arry,Cat of the Canals,The blind girl,The ugly girl,Beth,Mercy,Rabbitkiller,Wolf girl,Mercedene"
105,The Winds of Winter,Arya Stark,"Arya Underfoot,Arya Horseface,Lumpyface,Lumpyhead,Weasel,The ghost in Harrenhal,Nan,Squab,Nymeria,Salty,Arry,Cat of the Canals,The blind girl,The ugly girl,Beth,Mercy,Rabbitkiller,Wolf girl,Mercedene"
106,A Game of Thrones,Arys Oakheart,Unknown
107,A Clash of Kings,Arys Oakheart,Unknown
108,A Feast for Crows,Arys Oakheart,Unknown
109,A Game of Thrones,Asha Greyjoy,"Esgred,The Kraken's Daughter"
110,A Clash of Kings,Asha Greyjoy,"Esgred,The Kraken's Daughter"
111,A Storm of Sword,Asha Greyjoy,"Esgred,The Kraken's Daughter"
112,A Feast for Crows,Asha Greyjoy,"Esgred,The Kraken's Daughter"
113,A Dance with Dragons,Asha Greyjoy,"Esgred,The Kraken's Daughter"
114,The Winds of Winter,Asha Greyjoy,"Esgred,The Kraken's Daughter"
115,A Game of Thrones,Ashara Dayne,The maid with laughing purple eyes
116,A Clash of Kings,Ashara Dayne,The maid with laughing purple eyes
117,A Storm of Sword,Ashara Dayne,The maid with laughing purple eyes
118,A Dance with Dragons,Ashara Dayne,The maid with laughing purple eyes
119,A Clash of Kings,Aurane Waters,The Bastard of Driftmark
120,A Feast for Crows,Aurane Waters,The Bastard of Driftmark
121,A Clash of Kings,Azor Ahai,Unknown
122,A Feast for Crows,Baelor Blacktyde,Unknown
123,A Dance with Dragons,Balaq,Black Balaq
124,A Feast for Crows,Balman Byrch,Unknown
125,A Feast for Crows,Balon Botley,Unknown
126,A Game of Thrones,Balon Swann,Unknown
127,A Feast for Crows,Balon Swann,Unknown
128,A Game of Thrones,Renly Baratheon,"Renly of the House Baratheon,the First of His Name,The King in Highgarden,The King in the South"
129,A Clash of Kings,Renly Baratheon,"Renly of the House Baratheon,the First of His Name,The King in Highgarden,The King in the South"
130,A Feast for Crows,Barbrey Dustin,Unknown
131,A Dance with Dragons,Barbrey Dustin,Unknown
132,A Game of Thrones,Barra,Unknown
133,A Clash of Kings,Barre,Unknown
134,A Storm of Sword,Barre,Unknown
135,A Game of Thrones,Barristan Selmy,"Barristan the Bold,Arstan Whitebeard,Ser Grandfather,Barristan the Old,Old Ser"
136,A Game of Thrones,Bass,Unknown
137,A Storm of Sword,Bella,Unknown
138,A Feast for Crows,Bellanora Otherys,Black Pearl of Braavos
139,A Feast for Crows,Bellegere Otherys (courtesan),"Black Pearl of Braavos,Brown Pearl"
140,A Clash of Kings,Benfred Tallhart,Unknown
141,A Clash of Kings,Benfrey Frey,Unknown
142,A Storm of Sword,Benfrey Frey,Unknown
143,A Feast for Crows,Benfrey Frey,Unknown
144,A Dance with Dragons,Benfrey Frey,Unknown
145,A Game of Thrones,Benjen Stark,"Uncle Benjen,Ben Stark,The Young Pup"
146,A Clash of Kings,Benjen Stark,"Uncle Benjen,Ben Stark,The Young Pup"
147,A Storm of Sword,Benjen Stark,"Uncle Benjen,Ben Stark,The Young Pup"
148,A Feast for Crows,Benjen Stark,"Uncle Benjen,Ben Stark,The Young Pup"
149,A Dance with Dragons,Benjen Stark,"Uncle Benjen,Ben Stark,The Young Pup"
150,A Clash of Kings,Beren Tallhart,Unknown
151,A Feast for Crows,Beren Tallhart,Unknown
152,A Feast for Crows,Berena Hornwood,Unknown
153,A Game of Thrones,Beric Dondarrion,"The Lightning Lord,Lord Derik,The Wisp of the Wood,The Scarecrow Knight,The Lord of Corpses"
154,A Clash of Kings,Beric Dondarrion,"The Lightning Lord,Lord Derik,The Wisp of the Wood,The Scarecrow Knight,The Lord of Corpses"
155,A Feast for Crows,Beron Blacktyde,Blind Beron Blacktyde
156,A Dance with Dragons,Beron Blacktyde,Blind Beron Blacktyde
157,A Game of Thrones,Beth Cassel,Unknown
158,A Dance with Dragons,Bethany Blackwood,Unknown
159,A Clash of Kings,Biter,Unknown
160,A Feast for Crows,Biter,Unknown
161,A Dance with Dragons,Black Maris,Unknown
162,A Clash of Kings,Ramsay Bolton,"Ramsay Snow,Lord Snow,The Bastard of Bolton,The Bastard of the Dreadfort,Reek,Red Helm,Monster"
163,A Storm of Sword,Ramsay Bolton,"Ramsay Snow,Lord Snow,The Bastard of Bolton,The Bastard of the Dreadfort,Reek,Red Helm,Monster"
164,A Feast for Crows,Ramsay Bolton,"Ramsay Snow,Lord Snow,The Bastard of Bolton,The Bastard of the Dreadfort,Reek,Red Helm,Monster"
165,A Dance with Dragons,Ramsay Bolton,"Ramsay Snow,Lord Snow,The Bastard of Bolton,The Bastard of the Dreadfort,Reek,Red Helm,Monster"
166,The Winds of Winter,Ramsay Bolton,"Ramsay Snow,Lord Snow,The Bastard of Bolton,The Bastard of the Dreadfort,Reek,Red Helm,Monster"
167,A Feast for Crows,Boremund Harlaw,Boremund the Blue
168,A Game of Thrones,Boros Blount,Unknown
169,A Clash of Kings,Boros Blount,Unknown
170,A Feast for Crows,Boros Blount,Unknown
171,A Game of Thrones,Bowen Marsh,The Old Pomegranate
172,A Storm of Sword,Bowen Marsh,The Old Pomegranate
173,A Dance with Dragons,Bowen Marsh,The Old Pomegranate
174,A Game of Thrones,Bran Stark,"Bran Stark,Bran the Broken,The Winged Wolf"
175,A Clash of Kings,Bran Stark,"Bran Stark,Bran the Broken,The Winged Wolf"
176,A Storm of Sword,Bran Stark,"Bran Stark,Bran the Broken,The Winged Wolf"
177,A Feast for Crows,Bran Stark,"Bran Stark,Bran the Broken,The Winged Wolf"
178,A Dance with Dragons,Bran Stark,"Bran Stark,Bran the Broken,The Winged Wolf"
179,The Winds of Winter,Bran Stark,"Bran Stark,Bran the Broken,The Winged Wolf"
180,A Feast for Crows,Brandon Tallhart,Unknown
181,A Feast for Crows,Brella,Unknown
182,A Clash of Kings,Brienne Tarth,"Brienne of Tarth,The Maid of Tarth,Brienne the Beauty,Brienne the Blue"
183,A Storm of Sword,Brienne Tarth,"Brienne of Tarth,The Maid of Tarth,Brienne the Beauty,Brienne the Blue"
184,A Feast for Crows,Brienne Tarth,"Brienne of Tarth,The Maid of Tarth,Brienne the Beauty,Brienne the Blue"
185,A Dance with Dragons,Brienne Tarth,"Brienne of Tarth,The Maid of Tarth,Brienne the Beauty,Brienne the Blue"
186,A Game of Thrones,Bronn,"Ser Bronn of the Blackwater,Lord Stokeworth"
187,A Clash of Kings,Bronn,"Ser Bronn of the Blackwater,Lord Stokeworth"
188,A Storm of Sword,Bronn,"Ser Bronn of the Blackwater,Lord Stokeworth"
189,A Feast for Crows,Bronn,"Ser Bronn of the Blackwater,Lord Stokeworth"
190,A Dance with Dragons,Bronn,"Ser Bronn of the Blackwater,Lord Stokeworth"
191,The Winds of Winter,Bronn,"Ser Bronn of the Blackwater,Lord Stokeworth"
192,A Dance with Dragons,Brus Buckler,Unknown
193,A Game of Thrones,Bryce Caron,Bryce the Orange
194,A Feast for Crows,Brynden Rivers,"Lord Bloodraven,The white worm,The last greenseer,The Three-Eyed Crow,Lord Rivers"
195,A Dance with Dragons,Brynden Rivers,"Lord Bloodraven,The white worm,The last greenseer,The Three-Eyed Crow,Lord Rivers"
196,A Game of Thrones,Brynden Tully,"The Blackfish,Brynden Blackfish,Brynden the Blackfish"
197,A Storm of Sword,Brynden Tully,"The Blackfish,Brynden Blackfish,Brynden the Blackfish"
198,A Feast for Crows,Brynden Tully,"The Blackfish,Brynden Blackfish,Brynden the Blackfish"
199,A Game of Thrones,Burton Crakehall,Unknown
200,A Clash of Kings,Burton Crakehall,Unknown
201,A Dance with Dragons,Burton Humble,Unknown
202,A Game of Thrones,Byan Votyris,Unknown
203,A Feast for Crows,Byron,Byron the Beautiful
204,A Clash of Kings,Cadwyl,Unknown
205,A Feast for Crows,Caleotte,Unknown
206,A Feast for Crows,Captain's Sister,Unknown
207,A Game of Thrones,Catelyn Stark,"Catelyn Tully,Cat,Lady Stoneheart,The Silent Sister,Mother Merciless,The Hangwoman"
208,A Clash of Kings,Catelyn Stark,"Catelyn Tully,Cat,Lady Stoneheart,The Silent Sister,Mother Merciless,The Hangwoman"
209,A Storm of Sword,Catelyn Stark,"Catelyn Tully,Cat,Lady Stoneheart,The Silent Sister,Mother Merciless,The Hangwoman"
210,A Feast for Crows,Catelyn Stark,"Catelyn Tully,Cat,Lady Stoneheart,The Silent Sister,Mother Merciless,The Hangwoman"
211,A Dance with Dragons,Catelyn Stark,"Catelyn Tully,Cat,Lady Stoneheart,The Silent Sister,Mother Merciless,The Hangwoman"
212,The Winds of Winter,Catelyn Stark,"Catelyn Tully,Cat,Lady Stoneheart,The Silent Sister,Mother Merciless,The Hangwoman"
213,A Game of Thrones,Catspaw,Unknown
214,A Game of Thrones,Cayn,Unknown
215,A Game of Thrones,Cedric Payne,Unknown
216,A Game of Thrones,Cerenna Lannister,Unknown
217,A Clash of Kings,Cerenna Lannister,Unknown
218,A Storm of Sword,Cerenna Lannister,Unknown
219,A Feast for Crows,Cerenna Lannister,Unknown
220,A Dance with Dragons,Cerenna Lannister,Unknown
221,A Game of Thrones,Cersei Lannister,Cersei the Lioness
222,A Clash of Kings,Cersei Lannister,Cersei the Lioness
223,A Storm of Sword,Cersei Lannister,Cersei the Lioness
224,A Feast for Crows,Cersei Lannister,Cersei the Lioness
225,A Dance with Dragons,Cersei Lannister,Cersei the Lioness
226,The Winds of Winter,Cersei Lannister,Cersei the Lioness
227,A Game of Thrones,Chataya,Unknown
228,A Clash of Kings,Chataya,Unknown
229,A Game of Thrones,Chayle,Unknown
230,A Game of Thrones,Chiggen,Unknown
231,A Dance with Dragons,Clayton Suggs,Unknown
232,A Game of Thrones,Clement Piper,Unknown
233,A Feast for Crows,Clement Piper,Unknown
234,A Clash of Kings,Cleos Frey,Unknown
235,A Storm of Sword,Cleos Frey,Unknown
236,A Dance with Dragons,Cletus Yronwood,Unknown
237,A Feast for Crows,Clydas,Unknown
238,A Game of Thrones,Cohollo,Unknown
239,A Clash of Kings,Colmar Frey,Unknown
240,A Storm of Sword,Colmar Frey,Unknown
241,A Feast for Crows,Colmar Frey,Unknown
242,A Dance with Dragons,Colmar Frey,Unknown
243,A Dance with Dragons,Cregan Karstark,Unknown
244,A Feast for Crows,Creighton Longbough,Unknown
245,A Clash of Kings,Cressen,Unknown
246,A Storm of Sword,Cressen,Unknown
247,A Storm of Sword,Daario Naharis,Unknown
248,A Feast for Crows,Daario Naharis,Unknown
249,A Dance with Dragons,Daario Naharis,Unknown
250,The Winds of Winter,Daario Naharis,Unknown
251,A Game of Thrones,Dacey Mormont,Unknown
252,A Clash of Kings,Dacey Mormont,Unknown
253,A Storm of Sword,Dacey Mormont,Unknown
254,A Feast for Crows,Dacey Mormont,Unknown
255,A Dance with Dragons,Dacey Mormont,Unknown
256,A Game of Thrones,Dacks,Unknown
257,A Dance with Dragons,Daegon Shepherd,The Black Shepherd
258,A Feast for Crows,Daella Targaryen (daughter of Maekar I),Unknown
259,A Game of Thrones,Daenerys I Targaryen,Dany
260,A Clash of Kings,Daenerys I Targaryen,Dany
261,A Storm of Sword,Daenerys I Targaryen,Dany
262,A Feast for Crows,Daenerys I Targaryen,Dany
263,A Dance with Dragons,Daenerys I Targaryen,Dany
264,The Winds of Winter,Daenerys I Targaryen,Dany
265,A Clash of Kings,Dagmer,Dagmer Cleftjaw
266,A Storm of Sword,Dagmer,Dagmer Cleftjaw
267,A Dance with Dragons,Dagon Codd,Unknown
268,A Dance with Dragons,Dagon Greyjoy,Unknown
269,A Dance with Dragons,Dagon Greyjoy (Drunkard),Dagon the Drunkard
270,A Feast for Crows,Dale Drumm,Dale the Dread
271,A Feast for Crows,Damion Lannister,Unknown
272,A Storm of Sword,Danny Flint,Brave Danny Flint
273,A Dance with Dragons,Danny Flint,Brave Danny Flint
274,A Game of Thrones,Danwell Frey,Unknown
275,A Game of Thrones,Dareon,"Lover,The Black Singer"
276,A Game of Thrones,Daryn Hornwood,Unknown
277,A Dance with Dragons,Daryn Hornwood,Unknown
278,A Feast for Crows,Daughter of the Dusk,Unknown
279,A Game of Thrones,Daven Lannister,Unknown
280,A Clash of Kings,Daven Lannister,Unknown
281,A Storm of Sword,Daven Lannister,Unknown
282,A Feast for Crows,Daven Lannister,Unknown
283,A Clash of Kings,Davos Seaworth,"Davos Shorthand,The Onion Knight,Davos the Smuggler,Davos of Flea Bottom,The Knight of the Onion Ship,Ser Onions,The Onion Smuggler,The Onion Lord"
284,A Storm of Sword,Davos Seaworth,"Davos Shorthand,The Onion Knight,Davos the Smuggler,Davos of Flea Bottom,The Knight of the Onion Ship,Ser Onions,The Onion Smuggler,The Onion Lord"
285,A Feast for Crows,Davos Seaworth,"Davos Shorthand,The Onion Knight,Davos the Smuggler,Davos of Flea Bottom,The Knight of the Onion Ship,Ser Onions,The Onion Smuggler,The Onion Lord"
286,A Dance with Dragons,Davos Seaworth,"Davos Shorthand,The Onion Knight,Davos the Smuggler,Davos of Flea Bottom,The Knight of the Onion Ship,Ser Onions,The Onion Smuggler,The Onion Lord"
287,A Feast for Crows,Denyo Terys,Unknown
288,A Feast for Crows,Denys Drumm,Unknown
289,A Game of Thrones,Desmond,Unknown
290,A Clash of Kings,Desmond Grell,Unknown
291,A Clash of Kings,Desmond Grell,Unknown
292,A Feast for Crows,Desmond Grell,Unknown
293,A Storm of Sword,Deziel Dalt,Unknown
294,A Feast for Crows,Deziel Dalt,Unknown
295,A Dance with Dragons,Deziel Dalt,Unknown
296,A Storm of Sword,Dick Follard,Deaf Dick
297,A Dance with Dragons,Dick Follard,Deaf Dick
298,A Clash of Kings,Dobber,Unknown
299,A Game of Thrones,Donal Noye,Unknown
300,A Clash of Kings,Donal Noye,Unknown
301,A Storm of Sword,Donal Noye,Unknown
302,A Game of Thrones,Donella Hornwood,Unknown
303,A Clash of Kings,Donella Hornwood,Unknown
304,A Dance with Dragons,Donella Hornwood,Unknown
305,A Feast for Crows,Donnel Drumm,Unknown
306,A Dance with Dragons,Donnel Flint,Unknown
307,A Clash of Kings,Donnel Haigh,Unknown
308,A Storm of Sword,Donnel Haigh,Unknown
309,A Feast for Crows,Donnel Haigh,Unknown
310,A Game of Thrones,Donnel Waynwood,Unknown
311,A Clash of Kings,Donnel Waynwood,Unknown
312,A Game of Thrones,Donnis,Unknown
313,A Feast for Crows,Donnor Saltcliffe,Unknown
314,A Game of Thrones,Dontos Hollard,"Dontos the Red,Dontos the Drunk,Florian"
315,A Feast for Crows,Doran Martell,Unknown
316,A Game of Thrones,Doreah,Unknown
317,A Clash of Kings,Doreah,Unknown
318,A Storm of Sword,Dormund,Unknown
319,A Dance with Dragons,Dormund,Unknown
320,A Dance with Dragons,Dorna Swyft,Unknown
321,A Game of Thrones,Drogo,"The Great Rider,The Great Khal"
322,A Clash of Kings,Drogo,"The Great Rider,The Great Khal"
323,A Storm of Sword,Drogo,"The Great Rider,The Great Khal"
324,A Feast for Crows,Drogo,"The Great Rider,The Great Khal"
325,A Dance with Dragons,Drogo,"The Great Rider,The Great Khal"
326,The Winds of Winter,Drogo,"The Great Rider,The Great Khal"
327,A Dance with Dragons,Dryn,Unknown
328,A Clash of Kings,Dunstan Drumm,"The Drumm,The Bone Hand"
329,A Storm of Sword,Dunstan Drumm,"The Drumm,The Bone Hand"
330,A Feast for Crows,Dunstan Drumm,"The Drumm,The Bone Hand"
331,A Dance with Dragons,Dunstan Drumm,"The Drumm,The Bone Hand"
332,A Clash of Kings,Duram Bar Emmon,Unknown
333,A Storm of Sword,Duram Bar Emmon,Unknown
334,A Feast for Crows,Duskendale Captain,Unknown
335,A Feast for Crows,Dusky Woman,Unknown
336,A Dance with Dragons,Dusky Woman,Unknown
337,A Clash of Kings,Dykk Harlaw,Unknown
338,A Game of Thrones,Dywen,Unknown
339,A Storm of Sword,Eddara Tallhart,Unknown
340,A Feast for Crows,Eddara Tallhart,Unknown
341,A Game of Thrones,Eddard Karstark,Edd Karstark
342,A Game of Thrones,Ned Stark,"Ned Stark,The quiet wolf"
343,A Clash of Kings,Ned Stark,"Ned Stark,The quiet wolf"
344,A Storm of Sword,Ned Stark,"Ned Stark,The quiet wolf"
345,A Feast for Crows,Ned Stark,"Ned Stark,The quiet wolf"
346,A Dance with Dragons,Ned Stark,"Ned Stark,The quiet wolf"
347,The Winds of Winter,Ned Stark,"Ned Stark,The quiet wolf"
348,A Clash of Kings,Eddison Tollett,Unknown
349,A Storm of Sword,Eddison Tollett,Unknown
350,A Feast for Crows,Eddison Tollett,Unknown
351,A Feast for Crows,Edgerran Oakheart,Edgerran the Open-Handed
352,A Dance with Dragons,Edmund Blackwood,Ben Blackwood
353,A Game of Thrones,Edric Storm,Unknown
354,A Clash of Kings,Edric Storm,Unknown
355,A Storm of Sword,Edric Storm,Unknown
356,A Dance with Dragons,Edric Storm,Unknown
357,A Clash of Kings,Edwyle Stark,Unknown
358,A Storm of Sword,Edwyn Frey,Unknown
359,A Feast for Crows,Edwyn Frey,Unknown
360,A Dance with Dragons,Eerl Harlaw,Unknown
361,A Feast for Crows,Elder Brother,Unknown
362,A Feast for Crows,Eldred Codd,Unknown
363,A Storm of Sword,Eleyna Westerling,Unknown
364,A Feast for Crows,Eleyna Westerling,Unknown
365,A Storm of Sword,Elinor Tyrell,Unknown
366,A Feast for Crows,Elinor Tyrell,Unknown
367,A Dance with Dragons,Elinor Tyrell,Unknown
368,A Game of Thrones,Ellaria Sand,The Serpent's Whore
369,A Clash of Kings,Ellaria Sand,The Serpent's Whore
370,A Storm of Sword,Ellaria Sand,The Serpent's Whore
371,A Feast for Crows,Ellaria Sand,The Serpent's Whore
372,A Dance with Dragons,Ellaria Sand,The Serpent's Whore
373,The Winds of Winter,Ellaria Sand,The Serpent's Whore
374,A Game of Thrones,Elmar Frey,Unknown
375,A Clash of Kings,Elmar Frey,Unknown
376,A Storm of Sword,Elmar Frey,Unknown
377,A Feast for Crows,Elmar Frey,Unknown
378,A Dance with Dragons,Elmar Frey,Unknown
379,A Clash of Kings,Elwood Meadows,Unknown
380,A Storm of Sword,Elwood Meadows,Unknown
381,A Feast for Crows,Emma,Unknown
382,A Storm of Sword,Emmett,Iron Emmett
383,A Feast for Crows,Emmett,Iron Emmett
384,A Dance with Dragons,Emmett,Iron Emmett
385,A Game of Thrones,Emmon Frey,Unknown
386,A Storm of Sword,Emmon Frey,Unknown
387,A Feast for Crows,Emmon Frey,Unknown
388,A Game of Thrones,Endrew Tarth,Unknown
389,A Clash of Kings,Endrew Tarth,Unknown
390,A Storm of Sword,Endrew Tarth,Unknown
391,A Clash of Kings,Erena Glover,Unknown
392,A Feast for Crows,Erena Glover,Unknown
393,A Dance with Dragons,Erena Glover,Unknown
394,A Feast for Crows,Erryk,Unknown
395,A Feast for Crows,Falyse Stokeworth,Unknown
396,A Game of Thrones,Flement Brax,Unknown
397,A Clash of Kings,Flement Brax,Unknown
398,A Storm of Sword,Flement Brax,Unknown
399,A Feast for Crows,Flement Brax,Unknown
400,A Game of Thrones,Syrio Forel,Unknown
401,A Game of Thrones,Forley Prester,Unknown
402,A Clash of Kings,Forley Prester,Unknown
403,A Feast for Crows,Forley Prester,Unknown
404,A Dance with Dragons,Franklyn Flowers,"The Bastard of Cider Hall,The Brown Apple"
405,A Clash of Kings,Frenken,Unknown
406,A Storm of Sword,Frenken,Unknown
407,A Feast for Crows,Frenken,Unknown
408,A Game of Thrones,Galbart Glover,Unknown
409,A Clash of Kings,Galbart Glover,Unknown
410,A Storm of Sword,Galbart Glover,Unknown
411,A Game of Thrones,Gared,Unknown
412,A Clash of Kings,Gared,Unknown
413,A Clash of Kings,Garlan Tyrell,"Garlan the Galliant,Renly's Ghost,Lord Renly,Lord Renly's Shade"
414,A Storm of Sword,Garlan Tyrell,"Garlan the Galliant,Renly's Ghost,Lord Renly,Lord Renly's Shade"
415,A Feast for Crows,Garlan Tyrell,"Garlan the Galliant,Renly's Ghost,Lord Renly,Lord Renly's Shade"
416,A Storm of Sword,Garse Goodbrook,Unknown
417,A Dance with Dragons,Garse Goodbrook,Unknown
418,A Game of Thrones,Garth Greenfield,Unknown
419,A Storm of Sword,Garth Greenfield,Unknown
420,A Game of Thrones,Garth Tyrell,Garth the Gross
421,A Clash of Kings,Garth Tyrell,Garth the Gross
422,A Storm of Sword,Garth Tyrell,Garth the Gross
423,A Dance with Dragons,Garth Tyrell,Garth the Gross
424,A Clash of Kings,Gawen Glover,Unknown
425,A Feast for Crows,Gawen Glover,Unknown
426,A Dance with Dragons,Gawen Glover,Unknown
427,A Game of Thrones,Gawen Westerling,Unknown
428,A Clash of Kings,Gawen Westerling,Unknown
429,A Storm of Sword,Gawen Westerling,Unknown
430,A Feast for Crows,Gawen Westerling,Unknown
431,A Game of Thrones,Gendry,"Gendry the Bull,Ser Gendry of the Hollow Hill"
432,A Clash of Kings,Gendry,"Gendry the Bull,Ser Gendry of the Hollow Hill"
433,A Storm of Sword,Gendry,"Gendry the Bull,Ser Gendry of the Hollow Hill"
434,A Feast for Crows,Gendry,"Gendry the Bull,Ser Gendry of the Hollow Hill"
435,A Clash of Kings,Genna Lannister,Unknown
436,A Storm of Sword,Gerald Gower,Unknown
437,A Feast for Crows,Germund Botley,Unknown
438,A Dance with Dragons,Gerrick Kingsblood,Gerrick Kingsblood
439,A Dance with Dragons,Gerrick Kingsblood's Youngest Daughter,Unknown
440,A Clash of Kings,Gevin Harlaw,Unknown
441,A Storm of Sword,Gilbert Farring,Unknown
442,A Feast for Crows,Gilbert Farring,Unknown
443,A Clash of Kings,Gilly,Unknown
444,A Storm of Sword,Gilly,Unknown
445,A Feast for Crows,Gilly,Unknown
446,A Dance with Dragons,Gilly,Unknown
447,A Feast for Crows,Gilly's son,Unknown
448,A Storm of Sword,Godry Farring,Godry the Giantslayer
449,A Dance with Dragons,Godry Farring,Godry the Giantslayer
450,A Feast for Crows,Gormond Drumm,Gormond the Oldfather
451,A Feast for Crows,Gormond Goodbrother,Unknown
452,A Feast for Crows,Gorold Goodbrother,Unknown
453,A Feast for Crows,Gran Goodbrother,Unknown
454,A Storm of Sword,Greenbeard,Unknown
455,A Game of Thrones,Gregor Clegane,"The Mountain That Rides,The Mountain,The Great Dog,The Enormity That Rides"
456,A Game of Thrones,Grenn,Unknown
457,A Feast for Crows,Grenn,Unknown
458,A Feast for Crows,Greydon Goodbrother,Unknown
459,A Clash of Kings,Balon IX Greyjoy,"Balon of the House Greyjoy,the Ninth of His Name since the Grey King,Balon the Brave,Balon the Blessed,Balon the Twice Crowned,Balon the Widowmaker,The wet king,The kraken king,The iron king,The Greyjoy"
460,A Storm of Sword,Balon IX Greyjoy,"Balon of the House Greyjoy,the Ninth of His Name since the Grey King,Balon the Brave,Balon the Blessed,Balon the Twice Crowned,Balon the Widowmaker,The wet king,The kraken king,The iron king,The Greyjoy"
461,A Clash of Kings,Guncer Sunglass,Unknown
462,A Storm of Sword,Guncer Sunglass,Unknown
463,A Storm of Sword,Gwayne Gaunt,Unknown
464,A Feast for Crows,Gwayne Gaunt,Unknown
465,A Feast for Crows,Gwin Goodbrother,Unknown
466,A Feast for Crows,Gylbert Farwynd,Unknown
467,A Feast for Crows,Gyles Farwynd,Unknown
468,A Feast for Crows,Gyles Rosby,The Cougher
469,A Feast for Crows,Gysella Goodbrother,Unknown
470,A Feast for Crows,Haereg,Unknown
471,A Game of Thrones,Haggo,Unknown
472,A Game of Thrones,Hake,Unknown
473,A Feast for Crows,Hal (Hairy),Unknown
474,A Game of Thrones,Halder,Stone Head
475,A Game of Thrones,Hali,Unknown
476,A Dance with Dragons,Halleck,Unknown
477,A Game of Thrones,Hallis Mollen,Hal
478,A Clash of Kings,Hallis Mollen,Hal
479,A Feast for Crows,Hallyne,Unknown
480,A Game of Thrones,Halys Hornwood,Unknown
481,A Storm of Sword,Hareth,Horse
482,A Dance with Dragons,Hareth,Horse
483,A Feast for Crows,Harlon Greyjoy,Unknown
484,A Clash of Kings,Harma,Unknown
485,A Storm of Sword,Harma,Unknown
486,A Storm of Sword,Harmen Uller,Unknown
487,A Feast for Crows,Harmen Uller,Unknown
488,A Dance with Dragons,Harmen Uller,Unknown
489,A Feast for Crows,Harmund Sharp,Unknown
490,A Clash of Kings,Harrag Sharp,Harrag Sheepstealer
491,A Feast for Crows,Harras Harlaw,Harras the Knight
492,A Feast for Crows,Harren Botley,Unknown
493,A Game of Thrones,Harrion Karstark,Harry
494,A Clash of Kings,Harrion Karstark,Harry
495,A Storm of Sword,Harrion Karstark,Harry
496,A Feast for Crows,Harrion Karstark,Harry
497,A Dance with Dragons,Harrion Karstark,Harry
498,A Feast for Crows,Harrold Hardyng,"Harry the Heir,The Young Falcon,Harry the Arse"
499,A Storm of Sword,Harry Rivers,Unknown
500,A Dance with Dragons,Harry Strickland,Unknown
501,The Winds of Winter,Harry Strickland,Unknown
502,A Game of Thrones,Harwin,Unknown
503,A Storm of Sword,Harwin,Unknown
504,A Clash of Kings,Harys Haigh,Unknown
505,A Storm of Sword,Harys Haigh,Unknown
506,A Feast for Crows,Harys Haigh,Unknown
507,A Game of Thrones,Harys Swyft,The knight of the yellow chicken
508,A Clash of Kings,Harys Swyft,The knight of the yellow chicken
509,A Storm of Sword,Harys Swyft,The knight of the yellow chicken
510,A Feast for Crows,Harys Swyft,The knight of the yellow chicken
511,A Dance with Dragons,Harys Swyft,The knight of the yellow chicken
512,A Game of Thrones,Helman Tallhart,Unknown
513,A Clash of Kings,Helman Tallhart,Unknown
514,A Storm of Sword,Helman Tallhart,Unknown
515,A Clash of Kings,Hendry Bracken,Unknown
516,A Dance with Dragons,Henly (Maester),Unknown
517,A Game of Thrones,Heward,Unknown
518,A Feast for Crows,Hibald,Unknown
519,A Storm of Sword,High Septon (Tyrion's),Unknown
520,A Feast for Crows,High Septon (Tyrion's),Unknown
521,A Feast for Crows,Hilmar Drumm,Hilmar the Cunning
522,A Game of Thrones,Hobber Redwyne,Slobber
523,A Feast for Crows,Hobber Redwyne,Slobber
524,A Game of Thrones,Hodor,Hodor
525,A Clash of Kings,Hodor,Hodor
526,A Storm of Sword,Hodor,Hodor
527,A Feast for Crows,Hodor,Hodor
528,A Dance with Dragons,Hodor,Hodor
529,A Feast for Crows,Hoke,Unknown
530,A Dance with Dragons,Holly,Unknown
531,A Storm of Sword,Hop-Robin,Unknown
532,A Dance with Dragons,Hop-Robin,Unknown
533,A Game of Thrones,Horas Redwyne,Unknown
534,A Feast for Crows,Horas Redwyne,Unknown
535,A Storm of Sword,Horton Redfort,Unknown
536,A Feast for Crows,Horton Redfort,Unknown
537,A Game of Thrones,Hosteen Frey,Unknown
538,A Clash of Kings,Hosteen Frey,Unknown
539,A Storm of Sword,Hosteen Frey,Unknown
540,A Dance with Dragons,Hosteen Frey,Unknown
541,A Dance with Dragons,Hoster Blackwood,Unknown
542,A Clash of Kings,Hot Pie,Unknown
543,A Storm of Sword,Hot Pie,Unknown
544,A Feast for Crows,Hotho Harlaw,Hotho Humpback
545,A Clash of Kings,Hubard Rambton,Unknown
546,A Storm of Sword,Hubard Rambton,Unknown
547,A Game of Thrones,Hugh,Hugh of the Vale
548,A Feast for Crows,Hugh Clifton,Unknown
549,A Dance with Dragons,Hugh Clifton,Unknown
550,A Dance with Dragons,Hugo Wull,Big Bucket
551,A Game of Thrones,Hullen,Unknown
552,A Dance with Dragons,Humfrey Clifton,Unknown
553,A Feast for Crows,Humfrey Swyft,Unknown
554,A Dance with Dragons,Humfrey Swyft,Unknown
555,A Feast for Crows,Illifer,Unknown
556,A Game of Thrones,Illyrio Mopatis,Unknown
557,A Game of Thrones,Ilyn Payne,Unknown
558,A Clash of Kings,Ilyn Payne,Unknown
559,A Storm of Sword,Ilyn Payne,Unknown
560,A Feast for Crows,Ilyn Payne,Unknown
561,A Clash of Kings,Imry Florent,Unknown
562,A Game of Thrones,Irri,Unknown
563,A Clash of Kings,Jacelyn Bywater,Unknown
564,A Feast for Crows,Jack Bulwer,Unknown
565,A Game of Thrones,Jacks,Unknown
566,A Game of Thrones,Jafer Flowers,Unknown
567,A Game of Thrones,Jalabhar Xho,Unknown
568,A Clash of Kings,Jalabhar Xho,Unknown
569,A Game of Thrones,Janna Tyrell,Unknown
570,A Clash of Kings,Janna Tyrell,Unknown
571,A Storm of Sword,Janna Tyrell,Unknown
572,A Feast for Crows,Janna Tyrell,Unknown
573,A Dance with Dragons,Janna Tyrell,Unknown
574,A Game of Thrones,Janos Slynt,Unknown
575,A Clash of Kings,Janos Slynt,Unknown
576,A Storm of Sword,Janos Slynt,Unknown
577,A Dance with Dragons,Janos Slynt,Unknown
578,A Clash of Kings,Jaqen H'ghar,The Alchemist
579,A Storm of Sword,Jaqen H'ghar,The Alchemist
580,A Feast for Crows,Jaqen H'ghar,The Alchemist
581,A Dance with Dragons,Jaqen H'ghar,The Alchemist
582,A Game of Thrones,Jared Frey,Unknown
583,A Clash of Kings,Jared Frey,Unknown
584,A Dance with Dragons,Jared Frey,Unknown
585,A Game of Thrones,Jaremy Rykker,Unknown
586,A Clash of Kings,Jaremy Rykker,Unknown
587,A Storm of Sword,Jaremy Rykker,Unknown
588,A Dance with Dragons,Jax,Unknown
589,A Game of Thrones,Jeren,Unknown
590,A Game of Thrones,Jeyne Darry,Unknown
591,A Clash of Kings,Jeyne Darry,Unknown
592,A Feast for Crows,Jeyne Darry,Unknown
593,A Feast for Crows,Jeyne Farman,Unknown
594,A Game of Thrones,Jeyne Poole,"Arya Stark,Lady Bolton"
595,A Storm of Sword,Jeyne Westerling,Unknown
596,A Feast for Crows,Jeyne Westerling,Unknown
597,A Dance with Dragons,Jeyne Westerling,Unknown
598,The Winds of Winter,Jeyne Westerling,Unknown
599,A Storm of Sword,Jeyne Westerling (Wife of Maegor I),Black Bride
600,A Game of Thrones,Jhiqui,Unknown
601,A Game of Thrones,Jhogo,Unknown
602,A Feast for Crows,Jocelyn Swyft,Unknown
603,A Game of Thrones,Joffrey I Baratheon,"Joffrey of Houses Baratheon and Lannister,the First of His Name,Joffrey of the House Baratheon,the First of His Name,Joffrey the Illborn,The Young Usurper,Robert II,Aerys III,Joff,Good King Joffrey"
604,A Clash of Kings,Joffrey I Baratheon,"Joffrey of Houses Baratheon and Lannister,the First of His Name,Joffrey of the House Baratheon,the First of His Name,Joffrey the Illborn,The Young Usurper,Robert II,Aerys III,Joff,Good King Joffrey"
605,A Storm of Sword,Joffrey I Baratheon,"Joffrey of Houses Baratheon and Lannister,the First of His Name,Joffrey of the House Baratheon,the First of His Name,Joffrey the Illborn,The Young Usurper,Robert II,Aerys III,Joff,Good King Joffrey"
606,A Feast for Crows,Joffrey I Baratheon,"Joffrey of Houses Baratheon and Lannister,the First of His Name,Joffrey of the House Baratheon,the First of His Name,Joffrey the Illborn,The Young Usurper,Robert II,Aerys III,Joff,Good King Joffrey"
607,A Dance with Dragons,Joffrey I Baratheon,"Joffrey of Houses Baratheon and Lannister,the First of His Name,Joffrey of the House Baratheon,the First of His Name,Joffrey the Illborn,The Young Usurper,Robert II,Aerys III,Joff,Good King Joffrey"
608,The Winds of Winter,Joffrey I Baratheon,"Joffrey of Houses Baratheon and Lannister,the First of His Name,Joffrey of the House Baratheon,the First of His Name,Joffrey the Illborn,The Young Usurper,Robert II,Aerys III,Joff,Good King Joffrey"
609,A Clash of Kings,Jojen Reed,Unknown
610,A Storm of Sword,Jojen Reed,Unknown
611,A Game of Thrones,Jommo,Unknown
612,A Feast for Crows,Jon Bettley,Beardless Jon Bettley
613,A Feast for Crows,Jon Myre,Pinchface Jon Myre
614,A Game of Thrones,Jon Umber (Greatjon),"The Greatjon,Greatjon Umber"
615,A Clash of Kings,Jon Umber (Greatjon),"The Greatjon,Greatjon Umber"
616,A Storm of Sword,Jon Umber (Greatjon),"The Greatjon,Greatjon Umber"
617,A Feast for Crows,Jon Umber (Greatjon),"The Greatjon,Greatjon Umber"
618,A Dance with Dragons,Jon Umber (Greatjon),"The Greatjon,Greatjon Umber"
619,The Winds of Winter,Jon Umber (Greatjon),"The Greatjon,Greatjon Umber"
620,A Feast for Crows,Jon Waters,Unknown
621,A Game of Thrones,Jonos Bracken,Unknown
622,A Clash of Kings,Jonos Bracken,Unknown
623,A Storm of Sword,Jonos Bracken,Unknown
624,A Dance with Dragons,Jonos Bracken,Unknown
625,A Game of Thrones,Jory Cassel,Unknown
626,A Game of Thrones,Joss Stillwood,Unknown
627,A Storm of Sword,Joy Hill,Unknown
628,A Feast for Crows,Joy Hill,Unknown
629,A Game of Thrones,Joyeuse Erenford,Unknown
630,A Storm of Sword,Jurene,Unknown
631,A Game of Thrones,Jyck,Unknown
632,A Game of Thrones,Karyl Vance,Unknown
633,A Feast for Crows,Karyl Vance,Unknown
634,A Storm of Sword,Kedge,Unknown
635,A Dance with Dragons,Kedge,Unknown
636,A Storm of Sword,Kegs,Unknown
637,A Dance with Dragons,Kegs,Unknown
638,A Storm of Sword,Kella,Unknown
639,A Clash of Kings,Kevan Lannister,Unknown
640,A Storm of Sword,Kevan Lannister,Unknown
641,A Feast for Crows,Kevan Lannister,Unknown
642,A Dance with Dragons,Kezmya Pahl,Unknown
643,A Feast for Crows,Kindly Man,Unknown
644,A Game of Thrones,Kurleket,Unknown
645,A Storm of Sword,Kyra Frey,Unknown
646,A Dance with Dragons,Kyra Frey,Unknown
647,A Feast for Crows,Lambert Turnberry,Unknown
648,A Game of Thrones,Lancel Lannister,Unknown
649,A Clash of Kings,Lancel Lannister,Unknown
650,A Feast for Crows,Lancel Lannister,Unknown
651,A Game of Thrones,Tyrek Lannister,Wet Nurse
652,A Clash of Kings,Larence Snow,The Bastard of Hornwood
653,A Dance with Dragons,Larence Snow,The Bastard of Hornwood
654,A Clash of Kings,Lark,Lark the Sisterman
655,A Storm of Sword,Lark,Lark the Sisterman
656,A Game of Thrones,Last hero,The Last Hero
657,A Dance with Dragons,Laswell Peake,Unknown
658,A Dance with Dragons,Leathers,Unknown
659,A Storm of Sword,Lem Lemoncloak,Unknown
660,A Feast for Crows,Lem Lemoncloak,Unknown
661,A Feast for Crows,Lenwood Tawney,Little Lenwood Tawney
662,A Feast for Crows,Leo Tyrell (son of Moryn),"Lazy Leo,Leo the Lazy"
663,A Clash of Kings,Leobald Tallhart,Unknown
664,A Dance with Dragons,Leona Woolfield,Unknown
665,A Storm of Sword,Leonette Fossoway,Leonette Fossoway
666,A Feast for Crows,Lester,Unknown
667,A Feast for Crows,Lew,Unknown
668,A Game of Thrones,Lew (Winterfell Guard),Unknown
669,A Game of Thrones,Lewys Lydden,Unknown
670,A Clash of Kings,Lewys Lydden,Unknown
671,A Feast for Crows,Lewys Piper,Unknown
672,A Game of Thrones,Lharys,Unknown
673,A Game of Thrones,Loras Tyrell,"The Knight of Flowers,The Knight of Pansies"
674,A Feast for Crows,Loras Tyrell,"The Knight of Flowers,The Knight of Pansies"
675,A Feast for Crows,Lord Commander's Raven,Unknown
676,A Storm of Sword,Lord Sunglass,Unknown
677,A Game of Thrones,Loren I Lannister,Loren the Last
678,A Clash of Kings,Lorent Caswell,Unknown
679,A Game of Thrones,Lorimer,Lorimer the Belly
680,A Storm of Sword,Lothar Frey,Lame Lothar
681,A Game of Thrones,Lothor Brune,Lothor Apple-Eater
682,A Clash of Kings,Lothor Brune,Lothor Apple-Eater
683,A Storm of Sword,Lothor Brune,Lothor Apple-Eater
684,A Feast for Crows,Lothor Brune,Lothor Apple-Eater
685,A Feast for Crows,Lucamore Strong,Unknown
686,A Clash of Kings,Lucas Blackwood,Unknown
687,A Storm of Sword,Lucas Blackwood,Unknown
688,A Dance with Dragons,Lucas Blackwood,Unknown
689,A Feast for Crows,Lucas Codd,Left-Hand Lucas Codd
690,A Storm of Sword,Lucas Roote,Unknown
691,A Clash of Kings,Luceon Frey,Unknown
692,A Storm of Sword,Luceon Frey,Unknown
693,A Feast for Crows,Luceon Frey,Unknown
694,A Dance with Dragons,Luceon Frey,Unknown
695,A Storm of Sword,Luthor Tyrell,Unknown
696,A Game of Thrones,Luwin,Unknown
697,A Clash of Kings,Luwin,Unknown
698,A Feast for Crows,Lyanna Mormont,Unknown
699,A Dance with Dragons,Lyanna Mormont,Unknown
700,A Game of Thrones,Lyanna Stark,"The She-wolf,The Wolf Maid,Lya,Wolf girl"
701,A Clash of Kings,Lyanna Stark,"The She-wolf,The Wolf Maid,Lya,Wolf girl"
702,A Storm of Sword,Lyanna Stark,"The She-wolf,The Wolf Maid,Lya,Wolf girl"
703,A Feast for Crows,Lyanna Stark,"The She-wolf,The Wolf Maid,Lya,Wolf girl"
704,A Dance with Dragons,Lyanna Stark,"The She-wolf,The Wolf Maid,Lya,Wolf girl"
705,A Clash of Kings,Lyle Crakehall,Strongboar
706,A Storm of Sword,Lyle Crakehall,Strongboar
707,A Feast for Crows,Lyle Crakehall,Strongboar
708,A Game of Thrones,Lyman Darry,Unknown
709,A Clash of Kings,Lyman Darry,Unknown
710,A Storm of Sword,Lymond Goodbrook,Unknown
711,A Feast for Crows,Lymond Goodbrook,Unknown
712,A Clash of Kings,Lymond Vikary,Unknown
713,A Storm of Sword,Lymond Vikary,Unknown
714,A Game of Thrones,Lyn Corbray,Unknown
715,A Feast for Crows,Lyn Corbray,Unknown
716,A Feast for Crows,Lyonel Corbray,Unknown
717,A Feast for Crows,Lyonel Frey,Unknown
718,A Clash of Kings,Lythene Frey,Unknown
719,A Storm of Sword,Lythene Frey,Unknown
720,A Feast for Crows,Lythene Frey,Unknown
721,A Clash of Kings,Mace Tyrell,"Lord Oaf,The Fat Flower,Lord Puff Fish"
722,A Storm of Sword,Mace Tyrell,"Lord Oaf,The Fat Flower,Lord Puff Fish"
723,A Feast for Crows,Mace Tyrell,"Lord Oaf,The Fat Flower,Lord Puff Fish"
724,A Dance with Dragons,Mace Tyrell,"Lord Oaf,The Fat Flower,Lord Puff Fish"
725,A Storm of Sword,Mad Huntsman,Unknown
726,A Storm of Sword,Maelys Blackfyre,"Maelys the Monstrous,Maelys of the House Blackfyre,the First of His Name"
727,A Feast for Crows,Maelys Blackfyre,"Maelys the Monstrous,Maelys of the House Blackfyre,the First of His Name"
728,A Dance with Dragons,Maelys Blackfyre,"Maelys the Monstrous,Maelys of the House Blackfyre,the First of His Name"
729,The Winds of Winter,Maelys Blackfyre,"Maelys the Monstrous,Maelys of the House Blackfyre,the First of His Name"
730,A Dance with Dragons,Malegorn of Redpool,Malegorn of Redpool
731,A Game of Thrones,Malleon,Unknown
732,A Game of Thrones,Jason Mallister,Unknown
733,A Clash of Kings,Jason Mallister,Unknown
734,A Storm of Sword,Jason Mallister,Unknown
735,A Feast for Crows,Jason Mallister,Unknown
736,A Game of Thrones,Mallor the Dornishman,Mallor the Dornishman
737,A Game of Thrones,Mandon Moore,Unknown
738,A Clash of Kings,Mandon Moore,Unknown
739,A Feast for Crows,Manfrey Martell,Unknown
740,A Dance with Dragons,Manfryd Merlyn,Unknown
741,A Feast for Crows,Manfryd Yew,Unknown
742,A Dance with Dragons,Marghaz zo Loraq,Unknown
743,A Game of Thrones,Marillion,Unknown
744,A Feast for Crows,Mariya Darry,Unknown
745,A Clash of Kings,Mark Mullendore,Unknown
746,A Feast for Crows,Mark Mullendore,Unknown
747,A Dance with Dragons,Mark Mullendore,Unknown
748,A Dance with Dragons,Marlon Manderly,Unknown
749,A Clash of Kings,Maron Botley,"Old Botley,Fishwhiskers"
750,A Feast for Crows,Maron Volmark,Unknown
751,A Game of Thrones,Marq Piper,Unknown
752,A Storm of Sword,Marq Piper,Unknown
753,A Clash of Kings,Martyn Lannister,Unknown
754,A Storm of Sword,Martyn Lannister,Unknown
755,A Game of Thrones,Martyn Rivers,Unknown
756,A Game of Thrones,Masha Heddle,Unknown
757,A Storm of Sword,Maslyn,Unknown
758,A Game of Thrones,Mathis Rowan,Unknown
759,A Clash of Kings,Mathis Rowan,Unknown
760,A Storm of Sword,Mathis Rowan,Unknown
761,A Feast for Crows,Mathis Rowan,Unknown
762,A Dance with Dragons,Mathis Rowan,Unknown
763,A Game of Thrones,Matthar,"Matt,Ser Loon"
764,A Dance with Dragons,Medrick,Unknown
765,A Clash of Kings,Meera Reed,Unknown
766,A Storm of Sword,Meera Reed,Unknown
767,A Dance with Dragons,Meera Reed,Unknown
768,A Storm of Sword,Megga Tyrell,Unknown
769,A Feast for Crows,Megga Tyrell,Unknown
770,A Storm of Sword,Melara Crane,Unknown
771,A Feast for Crows,Meldred Merlyn,The Merlyn
772,A Storm of Sword,Melessa Florent,Unknown
773,A Clash of Kings,Melisandre,"Melony,The Red Woman,The Red Witch,The King's Red Shadow,Lady Red,Lot Seven"
774,A Storm of Sword,Melisandre,"Melony,The Red Woman,The Red Witch,The King's Red Shadow,Lady Red,Lot Seven"
775,A Feast for Crows,Melisandre,"Melony,The Red Woman,The Red Witch,The King's Red Shadow,Lady Red,Lot Seven"
776,A Dance with Dragons,Melisandre,"Melony,The Red Woman,The Red Witch,The King's Red Shadow,Lady Red,Lot Seven"
777,The Winds of Winter,Melisandre,"Melony,The Red Woman,The Red Witch,The King's Red Shadow,Lady Red,Lot Seven"
778,A Dance with Dragons,Melissa Blackwood,Missy
779,A Storm of Sword,Merianne Frey,Unknown
780,A Feast for Crows,Meribald,Unknown
781,A Storm of Sword,Merlon Crakehall,Unknown
782,A Game of Thrones,Meryn Trant,Unknown
783,A Clash of Kings,Meryn Trant,Unknown
784,A Feast for Crows,Meryn Trant,Unknown
785,A Game of Thrones,Mikken,Unknown
786,A Clash of Kings,Mikken,Unknown
787,A Game of Thrones,Mohor,Unknown
788,A Feast for Crows,Mollander,Unknown
789,A Game of Thrones,Moon Boy,Unknown
790,A Clash of Kings,Moon Boy,Unknown
791,A Game of Thrones,Mordane,Unknown
792,A Game of Thrones,Moreo Tumitis,Unknown
793,A Feast for Crows,Morgarth,Morgarth the Merry
794,A Game of Thrones,Jeor Mormont,The Old Bear
795,A Clash of Kings,Jeor Mormont,The Old Bear
796,A Storm of Sword,Jeor Mormont,The Old Bear
797,A Feast for Crows,Jeor Mormont,The Old Bear
798,A Dance with Dragons,Jeor Mormont,The Old Bear
799,A Game of Thrones,Jorah Mormont,"Jorah the Andal,The Exile Knight,Ser Bezoar"
800,A Clash of Kings,Jorah Mormont,"Jorah the Andal,The Exile Knight,Ser Bezoar"
801,A Storm of Sword,Jorah Mormont,"Jorah the Andal,The Exile Knight,Ser Bezoar"
802,A Feast for Crows,Jorah Mormont,"Jorah the Andal,The Exile Knight,Ser Bezoar"
803,A Dance with Dragons,Jorah Mormont,"Jorah the Andal,The Exile Knight,Ser Bezoar"
804,The Winds of Winter,Jorah Mormont,"Jorah the Andal,The Exile Knight,Ser Bezoar"
805,A Game of Thrones,Moro,Unknown
806,A Game of Thrones,Morrec,Unknown
807,A Clash of Kings,Morros Slynt,Unknown
808,A Storm of Sword,Morros Slynt,Unknown
809,A Feast for Crows,Mully,Unknown
810,A Storm of Sword,Munda,Unknown
811,A Feast for Crows,Murenmure,Unknown
812,A Game of Thrones,Mycah,The Butcher's Boy
813,A Game of Thrones,Mychel Redfort,Unknown
814,A Feast for Crows,Mychel Redfort,Unknown
815,A Feast for Crows,Myles,Unknown
816,A Clash of Kings,Myranda Lefford,Unknown
817,A Game of Thrones,Myrcella Baratheon,Unknown
818,A Game of Thrones,Myrielle Lannister,Unknown
819,A Clash of Kings,Myrielle Lannister,Unknown
820,A Storm of Sword,Myrielle Lannister,Unknown
821,A Feast for Crows,Myrielle Lannister,Unknown
822,A Dance with Dragons,Myrielle Lannister,Unknown
823,A Feast for Crows,Naggle,Unknown
824,A Storm of Sword,Night's King,Unknown
825,A Feast for Crows,Norbert Vance,Unknown
826,A Feast for Crows,Norjen,Unknown
827,A Storm of Sword,Notch,Unknown
828,A Dance with Dragons,Notch,Unknown
829,A Feast for Crows,Nute the Barber,Nute the Barber
830,A Game of Thrones,Nymeria,Nymeria of the Rhoyne
831,A Feast for Crows,Nymeria,Nymeria of the Rhoyne
832,A Dance with Dragons,Nymeria,Nymeria of the Rhoyne
833,A Storm of Sword,Nymeria Sand,Lady Nym
834,A Feast for Crows,Nymeria Sand,Lady Nym
835,A Dance with Dragons,Nymeria Sand,Lady Nym
836,The Winds of Winter,Nymeria Sand,Lady Nym
837,A Feast for Crows,Obara Sand,Unknown
838,A Game of Thrones,Oberyn Martell,The Red Viper
839,A Clash of Kings,Oberyn Martell,The Red Viper
840,A Storm of Sword,Oberyn Martell,The Red Viper
841,A Feast for Crows,Oberyn Martell,The Red Viper
842,A Dance with Dragons,Oberyn Martell,The Red Viper
843,The Winds of Winter,Oberyn Martell,The Red Viper
844,A Game of Thrones,Old Nan,Unknown
845,A Game of Thrones,Olenna Tyrell,"Olenna Redwyne,The Queen of Thorns"
846,A Clash of Kings,Olenna Tyrell,"Olenna Redwyne,The Queen of Thorns"
847,A Storm of Sword,Olenna Tyrell,"Olenna Redwyne,The Queen of Thorns"
848,A Feast for Crows,Olenna Tyrell,"Olenna Redwyne,The Queen of Thorns"
849,A Dance with Dragons,Olenna Tyrell,"Olenna Redwyne,The Queen of Thorns"
850,A Game of Thrones,Olyvar Frey,Unknown
851,A Storm of Sword,Olyvar Frey,Unknown
852,A Storm of Sword,Omer Blackberry,Unknown
853,A Clash of Kings,Ondrew Locke,Old Lord Locke
854,A Feast for Crows,Osbert Serry,Unknown
855,A Feast for Crows,Osfryd Kettleblack,Unknown
856,A Game of Thrones,Osha,Unknown
857,A Clash of Kings,Osha,Unknown
858,A Storm of Sword,Osha,Unknown
859,A Feast for Crows,Osha,Unknown
860,A Dance with Dragons,Osha,Unknown
861,A Feast for Crows,Osmund Kettleblack,Unknown
862,A Feast for Crows,Osney Kettleblack,Unknown
863,A Game of Thrones,Othell Yarwyck,Unknown
864,A Storm of Sword,Othell Yarwyck,Unknown
865,A Dance with Dragons,Othell Yarwyck,Unknown
866,A Game of Thrones,Othor,Unknown
867,A Clash of Kings,Ottyn Wythers,Unknown
868,A Storm of Sword,Ottyn Wythers,Unknown
869,A Storm of Sword,Oznak zo Pahl,Unknown
870,A Clash of Kings,Patchface,Patches
871,A Storm of Sword,Patchface,Patches
872,A Dance with Dragons,Patchface,Patches
873,A Feast for Crows,Pate,Unknown
874,A Game of Thrones,Patrek Mallister,Unknown
875,A Feast for Crows,Paxter Redwyne,Unknown
876,A Dance with Dragons,Perkin Follard,Unknown
877,A Clash of Kings,Perra Royce,Unknown
878,A Storm of Sword,Perra Royce,Unknown
879,A Feast for Crows,Perra Royce,Unknown
880,A Dance with Dragons,Perra Royce,Unknown
881,A Game of Thrones,Perwyn Frey,Unknown
882,A Game of Thrones,Petyr Baelish,"Littlefinger,Lord Littlefinger"
883,A Clash of Kings,Petyr Baelish,"Littlefinger,Lord Littlefinger"
884,A Storm of Sword,Petyr Baelish,"Littlefinger,Lord Littlefinger"
885,A Feast for Crows,Petyr Baelish,"Littlefinger,Lord Littlefinger"
886,A Dance with Dragons,Petyr Baelish,"Littlefinger,Lord Littlefinger"
887,A Clash of Kings,Petyr Frey,Petyr Pimple
888,A Storm of Sword,Petyr Frey,Petyr Pimple
889,A Feast for Crows,Petyr Frey,Petyr Pimple
890,A Clash of Kings,Philip Foote,Unknown
891,A Storm of Sword,Philip Foote,Unknown
892,A Dance with Dragons,Philip Foote,Unknown
893,A Feast for Crows,Podrick Payne,Unknown
894,A Clash of Kings,Polliver,Unknown
895,A Storm of Sword,Polliver,Unknown
896,A Game of Thrones,Porther,Unknown
897,A Clash of Kings,Praed,Unknown
898,A Game of Thrones,Preston Greenfield,Unknown
899,A Clash of Kings,Preston Greenfield,Unknown
900,A Storm of Sword,Preston Greenfield,Unknown
901,A Feast for Crows,Preston Greenfield,Unknown
902,A Feast for Crows,Puckens,Unknown
903,A Game of Thrones,Pycelle,Unknown
904,A Clash of Kings,Pycelle,Unknown
905,A Storm of Sword,Pycelle,Unknown
906,A Feast for Crows,Pycelle,Unknown
907,A Dance with Dragons,Pycelle,Unknown
908,A Feast for Crows,Pyg,Unknown
909,A Game of Thrones,Pypar,"Pyp,Monkey"
910,A Feast for Crows,Pypar,"Pyp,Monkey"
911,A Clash of Kings,Qarl the Maid,Qarl the Maid
912,A Feast for Crows,Qarl the Maid,Qarl the Maid
913,A Dance with Dragons,Qarl the Maid,Qarl the Maid
914,A Game of Thrones,Qotho,Unknown
915,A Game of Thrones,Quaro,Unknown
916,A Feast for Crows,Quellon Humble,Unknown
917,A Game of Thrones,Quenten Banefort,Unknown
918,A Storm of Sword,Quenten Banefort,Unknown
919,A Feast for Crows,Quenten Banefort,Unknown
920,A Dance with Dragons,Quenton Greyjoy (cousin),Unknown
921,A Feast for Crows,Quincy Cox,Unknown
922,A Clash of Kings,Qyburn,"The Bloody Maester,Lord Qyburn"
923,A Storm of Sword,Qyburn,"The Bloody Maester,Lord Qyburn"
924,A Feast for Crows,Qyburn,"The Bloody Maester,Lord Qyburn"
925,A Dance with Dragons,Qyburn,"The Bloody Maester,Lord Qyburn"
926,A Clash of Kings,Qyle,Unknown
927,A Game of Thrones,Rakharo,Unknown
928,A Feast for Crows,Ralf Kenning,Unknown
929,A Dance with Dragons,Ralf Kenning,Unknown
930,A Feast for Crows,Ralf Stonehouse,Red Ralf Stonehouse
931,A Dance with Dragons,Ralf Stonehouse,Red Ralf Stonehouse
932,A Game of Thrones,Rast,Rat
933,A Storm of Sword,Rast,Rat
934,A Game of Thrones,Raymun Darry,Unknown
935,A Dance with Dragons,Raymun Redbeard,Unknown
936,A Clash of Kings,Raymund Frey,Unknown
937,A Storm of Sword,Raymund Frey,Unknown
938,A Feast for Crows,Raymund Frey,Unknown
939,A Dance with Dragons,Raymund Frey,Unknown
940,A Storm of Sword,Raynald Westerling,Unknown
941,A Feast for Crows,Raynald Westerling,Unknown
942,A Feast for Crows,Raynard Ruttiger,Unknown
943,A Feast for Crows,Red Oarsman,Unknown
944,A Game of Thrones,Regenard Estren,Unknown
945,A Storm of Sword,Regenard Estren,Unknown
946,A Feast for Crows,Regenard Estren,Unknown
947,A Feast for Crows,Renfred Rykker,Unknown
948,A Feast for Crows,Rennifer Longwaters,Unknown
949,A Clash of Kings,Reysen,Rey
950,A Feast for Crows,Rhae Targaryen,Unknown
951,A Game of Thrones,Rhaego,The Stallion Who Mounts the World
952,A Clash of Kings,Rhaego,The Stallion Who Mounts the World
953,A Dance with Dragons,Rhaego,The Stallion Who Mounts the World
954,A Game of Thrones,Rhaella Targaryen,Unknown
955,A Clash of Kings,Rhaella Targaryen,Unknown
956,A Storm of Sword,Rhaella Targaryen,Unknown
957,A Feast for Crows,Rhaella Targaryen,Unknown
958,A Dance with Dragons,Rhaella Targaryen,Unknown
959,A Game of Thrones,Rhogoro,Unknown
960,A Feast for Crows,Ricasso,Unknown
961,A Dance with Dragons,Ricasso,Unknown
962,A Clash of Kings,Richard Horpe,"Wrong-way ranger,The slayer,The knight of the moths"
963,A Storm of Sword,Richard Horpe,"Wrong-way ranger,The slayer,The knight of the moths"
964,A Dance with Dragons,Richard Horpe,"Wrong-way ranger,The slayer,The knight of the moths"
965,A Game of Thrones,Rickard Stark,Unknown
966,A Clash of Kings,Rickard Stark,Unknown
967,A Storm of Sword,Rickard Stark,Unknown
968,A Dance with Dragons,Rickard Stark,Unknown
969,A Game of Thrones,Rickon Stark,Unknown
970,A Clash of Kings,Rickon Stark,Unknown
971,A Storm of Sword,Rickon Stark,Unknown
972,A Feast for Crows,Rickon Stark,Unknown
973,A Dance with Dragons,Rickon Stark,Unknown
974,The Winds of Winter,Rickon Stark,Unknown
975,A Game of Thrones,Robar Royce,Robar the Red
976,A Clash of Kings,Robar Royce,Robar the Red
977,A Game of Thrones,Robb Stark,"The Young Wolf,The King Who Lost the North,Robb the Lord,The wolfling,The pup,The Boy Wolf"
978,A Clash of Kings,Robb Stark,"The Young Wolf,The King Who Lost the North,Robb the Lord,The wolfling,The pup,The Boy Wolf"
979,A Storm of Sword,Robb Stark,"The Young Wolf,The King Who Lost the North,Robb the Lord,The wolfling,The pup,The Boy Wolf"
980,A Feast for Crows,Robb Stark,"The Young Wolf,The King Who Lost the North,Robb the Lord,The wolfling,The pup,The Boy Wolf"
981,A Dance with Dragons,Robb Stark,"The Young Wolf,The King Who Lost the North,Robb the Lord,The wolfling,The pup,The Boy Wolf"
982,The Winds of Winter,Robb Stark,"The Young Wolf,The King Who Lost the North,Robb the Lord,The wolfling,The pup,The Boy Wolf"
983,A Dance with Dragons,Robert Blackwood,Unknown
984,A Storm of Sword,Robert Brax,Unknown
985,A Game of Thrones,Robert I Baratheon,"Robert of the House Baratheon,the First of His Name,Robert the Usurper,The Demon of the Trident,The Whoremonger King"
986,A Clash of Kings,Robert I Baratheon,"Robert of the House Baratheon,the First of His Name,Robert the Usurper,The Demon of the Trident,The Whoremonger King"
987,A Storm of Sword,Robert I Baratheon,"Robert of the House Baratheon,the First of His Name,Robert the Usurper,The Demon of the Trident,The Whoremonger King"
988,A Feast for Crows,Robert I Baratheon,"Robert of the House Baratheon,the First of His Name,Robert the Usurper,The Demon of the Trident,The Whoremonger King"
989,A Dance with Dragons,Robert I Baratheon,"Robert of the House Baratheon,the First of His Name,Robert the Usurper,The Demon of the Trident,The Whoremonger King"
990,The Winds of Winter,Robert I Baratheon,"Robert of the House Baratheon,the First of His Name,Robert the Usurper,The Demon of the Trident,The Whoremonger King"
991,A Dance with Dragons,Robert Strong,"The Silent Giant,Qyburn's Mute Monster"
992,A Game of Thrones,Robett Glover,Unknown
993,A Clash of Kings,Robett Glover,Unknown
994,A Storm of Sword,Robett Glover,Unknown
995,A Feast for Crows,Robett Glover,Unknown
996,A Dance with Dragons,Robett Glover,Unknown
997,A Feast for Crows,Robin Greyjoy,Unknown
998,A Clash of Kings,Robin Ryger,Unknown
999,A Storm of Sword,Robin Ryger,Unknown
1000,A Feast for Crows,Robin Ryger,Unknown
1001,A Game of Thrones,Rodrik Cassel,Unknown
1002,A Feast for Crows,Rodrik Harlaw,Rodrik the Reader
1003,A Dance with Dragons,Rodrik Harlaw,Rodrik the Reader
1004,A Dance with Dragons,Rodrik Sparr,The Vole
1005,A Clash of Kings,Roland Crakehall,Unknown
1006,A Feast for Crows,Roland Crakehall,Unknown
1007,A Feast for Crows,Rolder,Unknown
1008,A Storm of Sword,Rollam Westerling,Unknown
1009,A Feast for Crows,Rollam Westerling,Unknown
1010,A Storm of Sword,Rolley of Sisterton,Unknown
1011,A Dance with Dragons,Rolly Duckfield,"Duck,Ser Duck"
1012,A Storm of Sword,Rolph Spicer,Unknown
1013,A Feast for Crows,Romny Weaver,Unknown
1014,A Game of Thrones,Ronel Rivers,Unknown
1015,A Feast for Crows,Roone,Unknown
1016,A Game of Thrones,Roose Bolton,The Leech Lord
1017,A Clash of Kings,Roose Bolton,The Leech Lord
1018,A Storm of Sword,Roose Bolton,The Leech Lord
1019,A Feast for Crows,Roose Bolton,The Leech Lord
1020,A Dance with Dragons,Roose Bolton,The Leech Lord
1021,The Winds of Winter,Roose Bolton,The Leech Lord
1022,A Clash of Kings,Rorge,"Broken Nose,The Mad Dog of Saltpans,Sandor Clegane,The Hound"
1023,A Storm of Sword,Rorge,"Broken Nose,The Mad Dog of Saltpans,Sandor Clegane,The Hound"
1024,A Feast for Crows,Rorge,"Broken Nose,The Mad Dog of Saltpans,Sandor Clegane,The Hound"
1025,A Feast for Crows,Roryn Drumm,Roryn the Reaver
1026,A Feast for Crows,Rosamund Lannister,Unknown
1027,A Feast for Crows,Rosey,Unknown
1028,A Storm of Sword,Roslin Tully,Roslin Frey
1029,A Feast for Crows,Roslin Tully,Roslin Frey
1030,A Dance with Dragons,Roslin Tully,Roslin Frey
1031,A Feast for Crows,Rufus Leek,Unknown
1032,A Feast for Crows,Rus,Unknown
1033,A Clash of Kings,Ryk,Longspear Ryk
1034,A Storm of Sword,Ryk,Longspear Ryk
1035,A Dance with Dragons,Ryk,Longspear Ryk
1036,A Clash of Kings,Ryman Frey,Unknown
1037,A Storm of Sword,Ryman Frey,Unknown
1038,A Feast for Crows,Ryman Frey,Unknown
1039,A Clash of Kings,Rymolf,Rymolf Stormdrunk
1040,A Storm of Sword,Samwell Spicer,Unknown
1041,A Game of Thrones,Samwell Tarly,"Sam,Ser Piggy,The Lord of Ham,Lady Piggy,Sam the Slayer,Black Sam"
1042,A Clash of Kings,Samwell Tarly,"Sam,Ser Piggy,The Lord of Ham,Lady Piggy,Sam the Slayer,Black Sam"
1043,A Storm of Sword,Samwell Tarly,"Sam,Ser Piggy,The Lord of Ham,Lady Piggy,Sam the Slayer,Black Sam"
1044,A Feast for Crows,Samwell Tarly,"Sam,Ser Piggy,The Lord of Ham,Lady Piggy,Sam the Slayer,Black Sam"
1045,A Dance with Dragons,Samwell Tarly,"Sam,Ser Piggy,The Lord of Ham,Lady Piggy,Sam the Slayer,Black Sam"
1046,The Winds of Winter,Samwell Tarly,"Sam,Ser Piggy,The Lord of Ham,Lady Piggy,Sam the Slayer,Black Sam"
1047,A Game of Thrones,Sandor Clegane,"The Hound,Dog,Joffrey's dog"
1048,A Clash of Kings,Sandor Clegane,"The Hound,Dog,Joffrey's dog"
1049,A Storm of Sword,Sandor Clegane,"The Hound,Dog,Joffrey's dog"
1050,A Feast for Crows,Sandor Clegane,"The Hound,Dog,Joffrey's dog"
1051,A Dance with Dragons,Sandor Clegane,"The Hound,Dog,Joffrey's dog"
1052,A Game of Thrones,Sansa Stark,Little bird
1053,A Clash of Kings,Sansa Stark,Little bird
1054,A Storm of Sword,Sansa Stark,Little bird
1055,A Feast for Crows,Sansa Stark,Little bird
1056,A Dance with Dragons,Sansa Stark,Little bird
1057,The Winds of Winter,Sansa Stark,Little bird
1058,A Clash of Kings,Satin,Unknown
1059,A Storm of Sword,Satin,Unknown
1060,A Feast for Crows,Satin,Unknown
1061,A Dance with Dragons,Satin,Unknown
1062,A Feast for Crows,Sawane Botley,Unknown
1063,A Clash of Kings,Selyse Florent,Selyse Baratheon
1064,A Storm of Sword,Selyse Florent,Selyse Baratheon
1065,A Feast for Crows,Selyse Florent,Selyse Baratheon
1066,A Dance with Dragons,Selyse Florent,Selyse Baratheon
1067,A Feast for Crows,Senelle,Unknown
1068,A Dance with Dragons,Serra,Unknown
1069,A Feast for Crows,Shadrich,Unknown
1070,A Game of Thrones,Shae,Unknown
1071,A Clash of Kings,Shae,Unknown
1072,A Storm of Sword,Shae,Unknown
1073,A Feast for Crows,Shae,Unknown
1074,A Dance with Dragons,Shae,Unknown
1075,The Winds of Winter,Shae,Unknown
1076,A Clash of Kings,Shagwell,Unknown
1077,A Storm of Sword,Shagwell,Unknown
1078,A Feast for Crows,Shagwell,Unknown
1079,A Game of Thrones,Shella Whent,Unknown
1080,A Feast for Crows,Shella Whent,Unknown
1081,A Clash of Kings,Shireen Baratheon,Unknown
1082,A Storm of Sword,Shireen Baratheon,Unknown
1083,A Dance with Dragons,Shireen Baratheon,Unknown
1084,A Clash of Kings,Shirei Frey,Unknown
1085,A Storm of Sword,Shirei Frey,Unknown
1086,A Feast for Crows,Shirei Frey,Unknown
1087,A Dance with Dragons,Shirei Frey,Unknown
1088,A Feast for Crows,Shortear,Unknown
1089,A Feast for Crows,Sigfry Stonetree,Unknown
1090,A Feast for Crows,Sigfryd Harlaw,Sigfryd Silverhair
1091,A Feast for Crows,Sigorn,Unknown
1092,A Dance with Dragons,Sigorn,Unknown
1093,A Dance with Dragons,Skahaz mo Kandaq,"The Shavepate,Skahaz Shavepate"
1094,A Storm of Sword,Small Paul,Unknown
1095,A Clash of Kings,Stafford Lannister,Unknown
1096,A Game of Thrones,Stallion Who Mounts the World,Unknown
1097,A Game of Thrones,Stannis Baratheon,"Stannis of the House Baratheon,the First of His Name,The King in the Narrow Sea,The King of Dragonstone,The King at the Wall,The King of the Painted Table,Azor Ahai reborn,Azor Ahai come again,The dark lord"
1098,A Clash of Kings,Stannis Baratheon,"Stannis of the House Baratheon,the First of His Name,The King in the Narrow Sea,The King of Dragonstone,The King at the Wall,The King of the Painted Table,Azor Ahai reborn,Azor Ahai come again,The dark lord"
1099,A Storm of Sword,Stannis Baratheon,"Stannis of the House Baratheon,the First of His Name,The King in the Narrow Sea,The King of Dragonstone,The King at the Wall,The King of the Painted Table,Azor Ahai reborn,Azor Ahai come again,The dark lord"
1100,A Feast for Crows,Stannis Baratheon,"Stannis of the House Baratheon,the First of His Name,The King in the Narrow Sea,The King of Dragonstone,The King at the Wall,The King of the Painted Table,Azor Ahai reborn,Azor Ahai come again,The dark lord"
1101,A Dance with Dragons,Stannis Baratheon,"Stannis of the House Baratheon,the First of His Name,The King in the Narrow Sea,The King of Dragonstone,The King at the Wall,The King of the Painted Table,Azor Ahai reborn,Azor Ahai come again,The dark lord"
1102,The Winds of Winter,Stannis Baratheon,"Stannis of the House Baratheon,the First of His Name,The King in the Narrow Sea,The King of Dragonstone,The King at the Wall,The King of the Painted Table,Azor Ahai reborn,Azor Ahai come again,The dark lord"
1103,A Game of Thrones,Brandon Stark,The Wild Wolf
1104,A Clash of Kings,Brandon Stark,The Wild Wolf
1105,A Storm of Sword,Brandon Stark,The Wild Wolf
1106,A Dance with Dragons,Brandon Stark,The Wild Wolf
1107,A Feast for Crows,Steffarion Sparr,Unknown
1108,A Feast for Crows,Steffon Swyft,Unknown
1109,A Game of Thrones,Stevron Frey,Unknown
1110,A Clash of Kings,Stevron Frey,Unknown
1111,A Storm of Sword,Stevron Frey,Unknown
1112,A Game of Thrones,Stiv,Unknown
1113,A Game of Thrones,Mya Stone,Unknown
1114,A Feast for Crows,Mya Stone,Unknown
1115,A Storm of Sword,Sybell Spicer,Unknown
1116,A Feast for Crows,Sybell Spicer,Unknown
1117,A Dance with Dragons,Symond Frey,Unknown
1118,A Feast for Crows,Symond Templeton,Unknown
1119,A Storm of Sword,Taena Merryweather,Unknown
1120,A Feast for Crows,Taena Merryweather,Unknown
1121,A Feast for Crows,Talbert Serry,Unknown
1122,A Dance with Dragons,Talbert Serry,Unknown
1123,A Game of Thrones,Tanda Stokeworth,Unknown
1124,A Clash of Kings,Tanda Stokeworth,Unknown
1125,A Storm of Sword,Tanda Stokeworth,Unknown
1126,A Feast for Crows,Tanda Stokeworth,Unknown
1127,A Game of Thrones,Rhaegar Targaryen,"The Silver Dragon,The Last Dragon,The Silver Prince,The prince that was promised,The Dragon Prince"
1128,A Clash of Kings,Rhaegar Targaryen,"The Silver Dragon,The Last Dragon,The Silver Prince,The prince that was promised,The Dragon Prince"
1129,A Storm of Sword,Rhaegar Targaryen,"The Silver Dragon,The Last Dragon,The Silver Prince,The prince that was promised,The Dragon Prince"
1130,A Feast for Crows,Rhaegar Targaryen,"The Silver Dragon,The Last Dragon,The Silver Prince,The prince that was promised,The Dragon Prince"
1131,A Dance with Dragons,Rhaegar Targaryen,"The Silver Dragon,The Last Dragon,The Silver Prince,The prince that was promised,The Dragon Prince"
1132,The Winds of Winter,Rhaegar Targaryen,"The Silver Dragon,The Last Dragon,The Silver Prince,The prince that was promised,The Dragon Prince"
1133,A Feast for Crows,Tarle,Tarle the Thrice-Drowned
1134,A Feast for Crows,Ternesio Terys,Unknown
1135,A Feast for Crows,The Sparr,Unknown
1136,A Feast for Crows,The Stonehouse,Unknown
1137,A Dance with Dragons,Theomore,Unknown
1138,A Game of Thrones,Theon Greyjoy,"The Prince of Fools,Theon Turncloak,The Squid Prince,Reek,Theon Kinslayer,The Prince of Stink,The Rightful Lord of the Iron Islands"
1139,A Clash of Kings,Theon Greyjoy,"The Prince of Fools,Theon Turncloak,The Squid Prince,Reek,Theon Kinslayer,The Prince of Stink,The Rightful Lord of the Iron Islands"
1140,A Storm of Sword,Theon Greyjoy,"The Prince of Fools,Theon Turncloak,The Squid Prince,Reek,Theon Kinslayer,The Prince of Stink,The Rightful Lord of the Iron Islands"
1141,A Feast for Crows,Theon Greyjoy,"The Prince of Fools,Theon Turncloak,The Squid Prince,Reek,Theon Kinslayer,The Prince of Stink,The Rightful Lord of the Iron Islands"
1142,A Dance with Dragons,Theon Greyjoy,"The Prince of Fools,Theon Turncloak,The Squid Prince,Reek,Theon Kinslayer,The Prince of Stink,The Rightful Lord of the Iron Islands"
1143,The Winds of Winter,Theon Greyjoy,"The Prince of Fools,Theon Turncloak,The Squid Prince,Reek,Theon Kinslayer,The Prince of Stink,The Rightful Lord of the Iron Islands"
1144,A Clash of Kings,Thoren Smallwood,Unknown
1145,A Storm of Sword,Thoren Smallwood,Unknown
1146,A Game of Thrones,Thoros of Myr,Unknown
1147,A Storm of Sword,Thoros of Myr,Unknown
1148,A Feast for Crows,Thoros of Myr,Unknown
1149,A Game of Thrones,Three-Eyed Crow,"The Three-Eyed Crow,The Last Greenseer,Lord Brynden"
1150,A Clash of Kings,Three-Eyed Crow,"The Three-Eyed Crow,The Last Greenseer,Lord Brynden"
1151,A Storm of Sword,Three-Eyed Crow,"The Three-Eyed Crow,The Last Greenseer,Lord Brynden"
1152,A Dance with Dragons,Three-Eyed Crow,"The Three-Eyed Crow,The Last Greenseer,Lord Brynden"
1153,A Storm of Sword,Timeon,Unknown
1154,A Game of Thrones,Tion Frey,Unknown
1155,A Clash of Kings,Tion Frey,Unknown
1156,A Storm of Sword,Tion Frey,Unknown
1157,A Game of Thrones,Todder,Toad
1158,A Clash of Kings,Todder,Toad
1159,A Storm of Sword,Todder,Toad
1160,A Dance with Dragons,Todder,Toad
1161,A Clash of Kings,Todric,Unknown
1162,A Dance with Dragons,Tom Codd,Bloodless Tom
1163,A Storm of Sword,Tom of Sevenstreams,Unknown
1164,A Feast for Crows,Tom of Sevenstreams,Unknown
1165,A Game of Thrones,Tomard,Fat Tom
1166,A Game of Thrones,Tommen Costayne,Unknown
1167,A Clash of Kings,Tommen Costayne,Unknown
1168,A Game of Thrones,Tommen I Baratheon,"Tommen of the House Baratheon,the First of His Name,The Boy King"
1169,A Clash of Kings,Tommen I Baratheon,"Tommen of the House Baratheon,the First of His Name,The Boy King"
1170,A Storm of Sword,Tommen I Baratheon,"Tommen of the House Baratheon,the First of His Name,The Boy King"
1171,A Feast for Crows,Tommen I Baratheon,"Tommen of the House Baratheon,the First of His Name,The Boy King"
1172,A Dance with Dragons,Tommen I Baratheon,"Tommen of the House Baratheon,the First of His Name,The Boy King"
1173,The Winds of Winter,Tommen I Baratheon,"Tommen of the House Baratheon,the First of His Name,The Boy King"
1174,A Dance with Dragons,Torghen Flint,Old Flint
1175,A Game of Thrones,Torrhen Karstark,Torr
1176,A Storm of Sword,Torwynd,Torwynd the Tame
1177,A Dance with Dragons,Torwynd,Torwynd the Tame
1178,A Game of Thrones,Tregar,Unknown
1179,A Feast for Crows,Tristifer Botley,Tris
1180,A Dance with Dragons,Tristifer Botley,Tris
1181,A Storm of Sword,Triston of Tally Hill,Triston of Tally Hill
1182,A Game of Thrones,Trystane Martell,Unknown
1183,A Clash of Kings,Trystane Martell,Unknown
1184,A Storm of Sword,Trystane Martell,Unknown
1185,A Feast for Crows,Trystane Martell,Unknown
1186,A Dance with Dragons,Trystane Martell,Unknown
1187,A Game of Thrones,Edmure Tully,Unknown
1188,A Clash of Kings,Edmure Tully,Unknown
1189,A Storm of Sword,Edmure Tully,Unknown
1190,A Feast for Crows,Edmure Tully,Unknown
1191,A Game of Thrones,Hoster Tully,Unknown
1192,A Storm of Sword,Hoster Tully,Unknown
1193,A Feast for Crows,Tyene Sand,Unknown
1194,A Game of Thrones,Margaery Tyrell,"Little rose,Little queen,Queen Margaery,Maid Margaery"
1195,A Clash of Kings,Margaery Tyrell,"Little rose,Little queen,Queen Margaery,Maid Margaery"
1196,A Storm of Sword,Margaery Tyrell,"Little rose,Little queen,Queen Margaery,Maid Margaery"
1197,A Feast for Crows,Margaery Tyrell,"Little rose,Little queen,Queen Margaery,Maid Margaery"
1198,A Dance with Dragons,Margaery Tyrell,"Little rose,Little queen,Queen Margaery,Maid Margaery"
1199,A Game of Thrones,Tyrion Lannister,"The Imp,Halfman,Boyman,Giant of Lannister,Lord Tywin's Doom,Lord Tywin's Bane,Yollo,Hugor Hill,No-nose,Redhands,Monkey demon"
1200,A Clash of Kings,Tyrion Lannister,"The Imp,Halfman,Boyman,Giant of Lannister,Lord Tywin's Doom,Lord Tywin's Bane,Yollo,Hugor Hill,No-nose,Redhands,Monkey demon"
1201,A Storm of Sword,Tyrion Lannister,"The Imp,Halfman,Boyman,Giant of Lannister,Lord Tywin's Doom,Lord Tywin's Bane,Yollo,Hugor Hill,No-nose,Redhands,Monkey demon"
1202,A Feast for Crows,Tyrion Lannister,"The Imp,Halfman,Boyman,Giant of Lannister,Lord Tywin's Doom,Lord Tywin's Bane,Yollo,Hugor Hill,No-nose,Redhands,Monkey demon"
1203,A Dance with Dragons,Tyrion Lannister,"The Imp,Halfman,Boyman,Giant of Lannister,Lord Tywin's Doom,Lord Tywin's Bane,Yollo,Hugor Hill,No-nose,Redhands,Monkey demon"
1204,The Winds of Winter,Tyrion Lannister,"The Imp,Halfman,Boyman,Giant of Lannister,Lord Tywin's Doom,Lord Tywin's Bane,Yollo,Hugor Hill,No-nose,Redhands,Monkey demon"
1205,A Clash of Kings,Tyrion Tanner,Unknown
1206,A Storm of Sword,Tyrion Tanner,Unknown
1207,A Feast for Crows,Tyrion Tanner,Unknown
1208,A Clash of Kings,Tyta Frey,Tyta the Maid
1209,A Storm of Sword,Tyta Frey,Tyta the Maid
1210,A Feast for Crows,Tyta Frey,Tyta the Maid
1211,A Dance with Dragons,Tyta Frey,Tyta the Maid
1212,A Game of Thrones,Tytos Blackwood,Unknown
1213,A Dance with Dragons,Tytos Blackwood,Unknown
1214,A Game of Thrones,Tytos Brax,Unknown
1215,A Clash of Kings,Tytos Brax,Unknown
1216,A Feast for Crows,Tytos Brax,Unknown
1217,A Storm of Sword,Tywin Frey,Unknown
1218,A Feast for Crows,Tywin Frey,Unknown
1219,A Clash of Kings,Uller,Unknown
1220,A Storm of Sword,Umfred,Unknown
1221,A Feast for Crows,Umma,Unknown
1222,A Storm of Sword,Urswyck,Unknown
1223,A Game of Thrones,Utherydes Wayn,Unknown
1224,A Clash of Kings,Utherydes Wayn,Unknown
1225,A Clash of Kings,Utt,Unknown
1226,A Storm of Sword,Utt,Unknown
1227,A Storm of Sword,Varamyr,"Lump,Varamyr Sixskins,Haggon"
1228,A Dance with Dragons,Varamyr,"Lump,Varamyr Sixskins,Haggon"
1229,A Game of Thrones,Vardis Egen,Unknown
1230,A Clash of Kings,Vargo Hoat,Unknown
1231,A Storm of Sword,Vargo Hoat,Unknown
1232,A Game of Thrones,Varly,Unknown
1233,A Game of Thrones,Varys,"The Spider,The King's Spider,The Eunuch,Lord Varys,Rugen"
1234,A Clash of Kings,Varys,"The Spider,The King's Spider,The Eunuch,Lord Varys,Rugen"
1235,A Storm of Sword,Varys,"The Spider,The King's Spider,The Eunuch,Lord Varys,Rugen"
1236,A Feast for Crows,Varys,"The Spider,The King's Spider,The Eunuch,Lord Varys,Rugen"
1237,A Dance with Dragons,Varys,"The Spider,The King's Spider,The Eunuch,Lord Varys,Rugen"
1238,A Game of Thrones,Vayon Poole,Unknown
1239,A Game of Thrones,Visenya Targaryen,Unknown
1240,A Clash of Kings,Visenya Targaryen,Unknown
1241,A Storm of Sword,Visenya Targaryen,Unknown
1242,A Feast for Crows,Visenya Targaryen,Unknown
1243,A Dance with Dragons,Visenya Targaryen,Unknown
1244,A Game of Thrones,Viserys II Targaryen,Viserys Targaryen the Second of His Name
1245,A Storm of Sword,Viserys II Targaryen,Viserys Targaryen the Second of His Name
1246,A Game of Thrones,Viserys III Targaryen,"Viserys of the House Targaryen,the Third of His Name,The Beggar King,Khal Rhae Mhar (the Sorefoot King),Khal Rhaggat (the Cart King)"
1247,A Clash of Kings,Viserys III Targaryen,"Viserys of the House Targaryen,the Third of His Name,The Beggar King,Khal Rhae Mhar (the Sorefoot King),Khal Rhaggat (the Cart King)"
1248,A Storm of Sword,Viserys III Targaryen,"Viserys of the House Targaryen,the Third of His Name,The Beggar King,Khal Rhae Mhar (the Sorefoot King),Khal Rhaggat (the Cart King)"
1249,A Feast for Crows,Viserys III Targaryen,"Viserys of the House Targaryen,the Third of His Name,The Beggar King,Khal Rhae Mhar (the Sorefoot King),Khal Rhaggat (the Cart King)"
1250,A Dance with Dragons,Viserys III Targaryen,"Viserys of the House Targaryen,the Third of His Name,The Beggar King,Khal Rhae Mhar (the Sorefoot King),Khal Rhaggat (the Cart King)"
1251,The Winds of Winter,Viserys III Targaryen,"Viserys of the House Targaryen,the Third of His Name,The Beggar King,Khal Rhae Mhar (the Sorefoot King),Khal Rhaggat (the Cart King)"
1252,A Feast for Crows,Waif,Unknown
1253,A Clash of Kings,Walda Frey (daughter of Merrett),"Walda Frey,Fat Walda"
1254,A Storm of Sword,Walda Frey (daughter of Merrett),"Walda Frey,Fat Walda"
1255,A Dance with Dragons,Walda Frey (daughter of Merrett),"Walda Frey,Fat Walda"
1256,A Clash of Kings,Walda Frey (daughter of Walton),Fair Walda
1257,A Storm of Sword,Walda Frey (daughter of Walton),Fair Walda
1258,A Game of Thrones,Walder Frey,"The Late Lord Frey,Old Frey"
1259,A Storm of Sword,Walder Frey,"The Late Lord Frey,Old Frey"
1260,A Clash of Kings,Walder Frey (Black),Unknown
1261,A Storm of Sword,Walder Frey (Black),Unknown
1262,A Clash of Kings,Walder Frey (son of Jammos),Big Walder
1263,A Dance with Dragons,Walder Frey (son of Jammos),Big Walder
1264,A Clash of Kings,Walder Frey (son of Merrett),Little Walder
1265,A Dance with Dragons,Walder Frey (son of Merrett),Little Walder
1266,A Storm of Sword,Walder Rivers,Unknown
1267,A Feast for Crows,Walder Rivers,Unknown
1268,A Feast for Crows,Waldon Wynch,Unknown
1269,A Game of Thrones,Wallen,Unknown
1270,A Clash of Kings,Waltyr Frey,Tyr
1271,A Storm of Sword,Waltyr Frey,Tyr
1272,A Feast for Crows,Waltyr Frey,Tyr
1273,A Dance with Dragons,Waltyr Frey,Tyr
1274,A Storm of Sword,Watt of Long Lake,Watt of Long Lake
1275,A Game of Thrones,Waymar Royce,Unknown
1276,A Feast for Crows,Wendamyr,Unknown
1277,A Clash of Kings,Wendel Frey,Unknown
1278,A Storm of Sword,Wendel Frey,Unknown
1279,A Feast for Crows,Wendel Frey,Unknown
1280,A Dance with Dragons,Wendel Frey,Unknown
1281,A Game of Thrones,Wendel Manderly,Unknown
1282,A Clash of Kings,Wendel Manderly,Unknown
1283,A Storm of Sword,Wendel Manderly,Unknown
1284,A Dance with Dragons,Wendel Manderly,Unknown
1285,A Clash of Kings,Wex Pyke,Unknown
1286,A Dance with Dragons,Wex Pyke,Unknown
1287,A Game of Thrones,Whalen Frey,Unknown
1288,A Storm of Sword,Whalen Frey,Unknown
1289,A Feast for Crows,Whalen Frey,Unknown
1290,A Dance with Dragons,Wick Whittlestick,Unknown
1291,A Game of Thrones,Will,Unknown
1292,A Feast for Crows,Will Humble,Unknown
1293,A Clash of Kings,Willamen Frey,Unknown
1294,A Storm of Sword,Willamen Frey,Unknown
1295,A Feast for Crows,Willamen Frey,Unknown
1296,A Dance with Dragons,Willamen Frey,Unknown
1297,A Feast for Crows,Willem Frey,Unknown
1298,A Game of Thrones,Willem Lannister,Unknown
1299,A Clash of Kings,Willem Lannister,Unknown
1300,A Storm of Sword,Willem Lannister,Unknown
1301,A Clash of Kings,William Mooton,Unknown
1302,A Storm of Sword,William Mooton,Unknown
1303,A Feast for Crows,William Mooton,Unknown
1304,A Game of Thrones,Willis Wode,Unknown
1305,A Feast for Crows,Willis Wode,Unknown
1306,A Clash of Kings,Woth,Unknown
1307,A Game of Thrones,Wylis Manderly,Unknown
1308,A Clash of Kings,Wylis Manderly,Unknown
1309,A Storm of Sword,Wylis Manderly,Unknown
1310,A Feast for Crows,Wylis Manderly,Unknown
1311,A Dance with Dragons,Wylis Manderly,Unknown
1312,A Dance with Dragons,Wylla Manderly,Unknown
1313,A Dance with Dragons,Wynafryd Manderly,Unknown
1314,A Storm of Sword,Wynton Stout,Unknown
1315,A Dance with Dragons,Yandry,Unknown
1316,A Feast for Crows,Ygon Farwynd,Unknown
1317,A Clash of Kings,Ygritte,Unknown
1318,A Storm of Sword,Ygritte,Unknown
1319,A Feast for Crows,Ygritte,Unknown
1320,A Dance with Dragons,Ygritte,Unknown
1321,A Feast for Crows,Yohn Farwynd,Unknown
1322,A Game of Thrones,Yohn Royce,Bronze Yohn
1323,A Game of Thrones,Yoren,Unknown
1324,A Clash of Kings,Yoren,Unknown
1325,A Feast for Crows,Yorko Terys,Unknown
1326,A Dance with Dragons,Ysilla,Unknown
1327,A Clash of Kings,Zollo,Unknown
1328,A Feast for Crows,High Sparrow,"The High Sparrow,His High Holiness,The Father of the Faithful,The Voice of the Seven on Earth"
1329,A Dance with Dragons,High Sparrow,"The High Sparrow,His High Holiness,The Father of the Faithful,The Voice of the Seven on Earth"
1330,A Game of Thrones,Jaime Lannister,"Kingslayer,The Lion of Lannister,The golden man,Cripple,The Young Lion,Goldenhand"
1331,A Clash of Kings,Jaime Lannister,"Kingslayer,The Lion of Lannister,The golden man,Cripple,The Young Lion,Goldenhand"
1332,A Storm of Sword,Jaime Lannister,"Kingslayer,The Lion of Lannister,The golden man,Cripple,The Young Lion,Goldenhand"
1333,A Feast for Crows,Jaime Lannister,"Kingslayer,The Lion of Lannister,The golden man,Cripple,The Young Lion,Goldenhand"
1334,A Dance with Dragons,Jaime Lannister,"Kingslayer,The Lion of Lannister,The golden man,Cripple,The Young Lion,Goldenhand"
1335,The Winds of Winter,Jaime Lannister,"Kingslayer,The Lion of Lannister,The golden man,Cripple,The Young Lion,Goldenhand"
1336,A Storm of Sword,Tormund,"Tormund Giantsbane,Tall-talker,Horn-blower"
1337,A Feast for Crows,Tormund,"Tormund Giantsbane,Tall-talker,Horn-blower"
1338,A Dance with Dragons,Tormund,"Tormund Giantsbane,Tall-talker,Horn-blower"
1339,A Game of Thrones,Jon Snow,"Lord Snow,The Bastard of Winterfell,Lord Crow"
1340,A Clash of Kings,Jon Snow,"Lord Snow,The Bastard of Winterfell,Lord Crow"
1341,A Storm of Sword,Jon Snow,"Lord Snow,The Bastard of Winterfell,Lord Crow"
1342,A Feast for Crows,Jon Snow,"Lord Snow,The Bastard of Winterfell,Lord Crow"
1343,A Dance with Dragons,Jon Snow,"Lord Snow,The Bastard of Winterfell,Lord Crow"
1344,The Winds of Winter,Jon Snow,"Lord Snow,The Bastard of Winterfell,Lord Crow"
1345,A Game of Thrones,Tywin Lannister,"The great lion of the rock,The old lion"
1346,A Clash of Kings,Tywin Lannister,"The great lion of the rock,The old lion"
1347,A Storm of Sword,Tywin Lannister,"The great lion of the rock,The old lion"
1348,A Feast for Crows,Tywin Lannister,"The great lion of the rock,The old lion"
1349,A Dance with Dragons,Tywin Lannister,"The great lion of the rock,The old lion"
1350,The Winds of Winter,Tywin Lannister,"The great lion of the rock,The old lion"
1351,A Storm of Sword,Missandei,Unknown
1352,A Feast for Crows,Missandei,Unknown
1353,A Dance with Dragons,Missandei,Unknown
1354,A Storm of Sword,Grey Worm,Unknown
1355,A Feast for Crows,Grey Worm,Unknown
1356,A Dance with Dragons,Grey Worm,Unknown
1357,The Winds of Winter,Grey Worm,Unknown
