,Unnamed: 0.1,character_name,alias,allegiance,culture,books
0,0,Addam Marbrand,Unknown,"House Marbrand, House Lannister, City Watch",Andals,A Feast for Crows
2,2,Adrack Humble,Unknown,"House Humble, House Greyjoy",Ironborn,A Dance with Dragons
5,5,Aegon Frey,Unknown,"House Frey, House Tully",Riverlands,"A Game of Thrones, A Clash of Kings, A Storm of Swords, A Dance with Dragons"
7,7,Aegon I Targaryen,"Aegon the Conqueror, Aegon the Dragonlord, Aegon the Dragon",House Targaryen,Valyrians,"A Game of Thrones, A Clash of Kings, A Storm of Swords, A Feast for Crows, A Dance with Dragons"
12,12,Aegon Targaryen (son of Aerys II),Unknown,House Targaryen,Crownlander,
19,19,Aemma Arryn,Aemma Targaryen,"House Arryn, House Targaryen","Valyrian, Andal",
20,20,Aemon (wildling),Unknown,Unknown,Unknown,A Feast for Crows
23,23,Aemon Targaryen (Son of Maekar I),"Aemon Targaryen, Uncle Maester","Night's Watch, Maesters, House Targaryen",Valyrians and the Northmen,"A Game of Thrones, A Feast for Crows"
24,24,Aemond Targaryen,"Aemond One-Eye, Aemon The Kinslayer","House Targaryen, Greens",Crownlands,
26,26,Aenys Frey,Unknown,"House Frey, House Tully",Andals,"A Game of Thrones, A Clash of Kings, A Storm of Swords, A Dance with Dragons"
28,28,Aerion Targaryen,"Aerion Brightflame, Aerion the Monstrous, The Bright Prince, The Prince Who Thought He Was a Dragon","House Targaryen, Second Sons",Valyrians,"A Clash of Kings, A Storm of Swords, A Dance with Dragons"
30,30,Aeron Greyjoy,Damphair,"House Greyjoy, Drowned Men",Ironborn,A Feast for Crows
31,31,Aeryn Targaryen,Unknown,House Targaryen,Crownlander,
34,34,Aethelmure,Unknown,The Citadel,Unknown,A Game of Thrones
35,35,Aggo,Unknown,"Khal Drogo's khalasar, House Targaryen, The Queensguard",Dothraki,A Game of Thrones
37,37,Aladale Wynch,Unknown,"House Wynch, Night's Watch",Ironborn,A Storm of Swords
42,42,Alannys Harlaw,Unknown,Unknown,Unknown,"A Clash of Kings, A Feast for Crows"
48,48,Albar Royce,Unknown,House Royce of the Gates of the Moon,Valemen,"A Game of Thrones, A Feast for Crows"
49,49,Albett,Pimple,The Night's Watch,Unknown,A Game of Thrones
51,51,Alchemist,Unknown,Unknown,Unknown,A Feast for Crows
52,52,Alekyne Florent,Unknown,House Florent,Unknown,A Storm of Swords
53,53,Alerie Hightower,Unknown,"House Hightower, House Tyrell",Unknown,A Feast for Crows
56,56,Alester Oakheart,Unknown,House Oakheart,Unknown,A Feast for Crows
57,57,Alfyn,Alfyn Crowkiller,"Himself, Mance Rayder",Unknown,A Clash of Kings
60,60,All-for-Joffrey,All-for-Joffrey,Unknown,Unknown,A Clash of Kings
63,63,Alleras,Unknown,Citadel,Dornishmenmen,A Feast for Crows
64,64,Alliser Thorne,Unknown,"House Thorne, The Night's Watch",Crownlander,A Game of Thrones
65,65,Allyria Dayne,Unknown,House Dayne,Dornishmenmen,A Storm of Swords
67,67,Alvyn Sharp,Unknown,House Sharp,Ironborn,A Feast for Crows
68,68,Alyce Graceford,Unknown,"House Graceford, House Tyrell",The Reach,A Feast for Crows
69,69,Alyn,Unknown,House Stark,Northmen,A Game of Thrones
75,75,Alyn Haigh,Unknown,House Haigh,Rivermen,"A Clash of Kings, A Storm of Swords, A Feast for Crows"
77,77,Alyn Orkwood,Orkwood of Orkmont,House Orkwood,Ironborn,A Feast for Crows
78,78,Alyn Stackspear,Unknown,House Stackspear,Unknown,"A Clash of Kings, A Feast for Crows"
88,88,Alysanne (daughter of Aegon IV),Unknown,Faith of the Seven,Crownlander,
91,91,Alysanne Bulwer,Unknown,House Bulwer,Unknown,"A Feast for Crows, A Dance with Dragons"
93,93,Alyssa Blackwood,Unknown,"House Blackwood, House Frey",Riverlander,A Dance with Dragons
97,97,Amerei Frey,Unknown,"House Frey, House Lannister of Darry",Riverlands,"A Clash of Kings, A Storm of Swords, A Feast for Crows"
98,98,Amory Lorch,Unknown,Unknown,Unknown,"A Game of Thrones, A Clash of Kings, A Storm of Swords, A Feast for Crows"
100,100,Andar Royce,Unknown,House Royce,Unknown,A Game of Thrones
101,101,Andrey Charlton,Unknown,House Charlton,Unknown,A Storm of Swords
102,102,Andrey Dalt,Drey,House Dalt,Unknown,A Feast for Crows
103,103,Andrik,Andrik the Unsmiling,"House Drumm, House Greyjoy",Ironborn,A Feast for Crows
104,104,Andros Brax,Unknown,House Brax,Unknown,A Game of Thrones
108,108,Anguy,"Anguy the Archer, Archer",The Brotherhood without Banners,Marcher,"A Game of Thrones, A Storm of Swords"
109,109,Annara Farring,Unknown,"House Farring, , House Frey",Crownlander,"A Clash of Kings, A Storm of Swords, A Feast for Crows, A Dance with Dragons"
110,110,Antario Jast,Unknown,House Jast,Unknown,"A Clash of Kings, A Storm of Swords, A Feast for Crows"
111,111,Anya Waynwood,Unknown,"House Waynwood, Lords Declarant",Unknown,"A Game of Thrones, A Feast for Crows"
113,113,Ardrian Celtigar,The Red Crab,"House Celtigar, House Baratheon of King's Landing, House Baratheon of Dragonstone",Valyrians,"A Clash of Kings, A Storm of Swords"
115,115,Areo Hotah,Unknown,House Nymeros Martell,"Free Cities, Norvoshi",A Feast for Crows
117,117,Arianne Martell,Unknown,House Nymeros Martell,Dornishmenmen,"A Game of Thrones, A Clash of Kings, A Storm of Swords, A Feast for Crows, A Dance with Dragons, The Winds of Winter"
119,119,Armen,Unknown,Unknown,Unknown,A Feast for Crows
121,121,Aron Santagar,Unknown,"House Santagar, House Baratheon of King's Landing",Dornishmen,"A Game of Thrones, A Clash of Kings, A Feast for Crows"
125,125,Arryk,Unknown,House Tyrell,Unknown,A Feast for Crows
129,129,Arstan Selmy,Unknown,House Selmy,Unknown,A Clash of Kings
130,130,Arthur Dayne,Unknown,"House Dayne, Kingsguard",Dornishmenmen,"A Game of Thrones, A Clash of Kings, A Storm of Swords, A Feast for Crows, A Dance with Dragons"
131,131,Artos Flint,Unknown,First Flints,Northern mountain clans,A Dance with Dragons
133,133,Arwood Frey,Unknown,House Frey,Unknown,A Feast for Crows
134,134,Arwyn Frey,Unknown,House Frey,Rivermen,"A Clash of Kings, A Storm of Swords, A Feast for Crows, A Dance with Dragons"
136,136,Arya Stark,"Arya Underfoot, Arya Horseface, Lumpyface, Lumpyhead, Weasel, The ghost in Harrenhal, Nan, Squab, Nymeria, Salty, Arry, Cat of the Canals, The blind girl, The ugly girl, Beth, Mercy, Rabbitkiller, Wolf girl, Mercedene","House Stark, Faceless Men",Northmen,"A Game of Thrones, A Clash of Kings, A Storm of Swords, A Feast for Crows, A Dance with Dragons, The Winds of Winter"
137,137,Arys Oakheart,Unknown,"House Oakheart, House Baratheon of King's Landing, Kingsguard",Unknown,"A Game of Thrones, A Clash of Kings, A Feast for Crows"
138,138,Asha Greyjoy,"Esgred, The Kraken's Daughter","House Greyjoy, House Ironmaker",Ironborn,"A Game of Thrones, A Clash of Kings, A Storm of Swords, A Feast for Crows, A Dance with Dragons, The Winds of Winter"
139,139,Ashara Dayne,The maid with laughing purple eyes,House Dayne,Dornishmenmen,"A Game of Thrones, A Clash of Kings, A Storm of Swords, A Dance with Dragons"
141,141,Aurane Waters,The Bastard of Driftmark,"House Velaryon, House Baratheon of King's Landing, House Baratheon of Dragonstone",Valyrians,"A Clash of Kings, A Feast for Crows"
145,145,Azor Ahai,Unknown,Unknown,Unknown,A Clash of Kings
148,148,Baelon Targaryen (son of Viserys I),Heir for a Day,House Targaryen,Crownlander,
149,149,Baelor Blacktyde,Unknown,House Blacktyde,Unknown,A Feast for Crows
151,151,Balaq,Black Balaq,Golden Company,Summer Islander,A Dance with Dragons
152,152,Balerion Otherys,Unknown,Unknown,Braavosi,
153,153,Balman Byrch,Unknown,"House Byrch, House Stokeworth",The Crownlands,A Feast for Crows
154,154,Balon Botley,Unknown,House Botley,Ironborn,A Feast for Crows
155,155,Balon Swann,Unknown,"House Swann, House Baratheon of King's Landing, The Kingsguard",Marcher,"A Game of Thrones, A Feast for Crows"
158,158,Renly Baratheon,"Renly of the House Baratheon, the First of His Name, The King in Highgarden, The King in the South","House Baratheon, House Baratheon of King's Landing",Andals,"A Game of Thrones, A Clash of Kings"
160,160,Barbrey Dustin,Unknown,"House Ryswell, House Dustin",Northmen,"A Feast for Crows, A Dance with Dragons"
162,162,Barra,Unknown,Unknown,Andals,A Game of Thrones
163,163,Barre,Unknown,The Faith of the Seven,Unknown,"A Clash of Kings, A Storm of Swords"
164,164,Barristan Selmy,"Barristan the Bold, Arstan Whitebeard, Ser Grandfather, Barristan the Old, Old Ser","House Selmy, House Targaryen, Queensguard, Kingsguard",Andals,A Game of Thrones
166,166,Bass,Unknown,The Night's Watch,Unknown,A Game of Thrones
168,168,Bella,Unknown,Unknown,Unknown,A Storm of Swords
169,169,Bellanora Otherys,Black Pearl of Braavos,Unknown,Braavosi,A Feast for Crows
171,171,Bellegere Otherys (courtesan),"Black Pearl of Braavos, Brown Pearl",Unknown,Braavosi,A Feast for Crows
177,177,Benfred Tallhart,Unknown,"House Tallhart, The Wild Hares",Northmen,A Clash of Kings
178,178,Benfrey Frey,Unknown,House Frey,Rivermen,"A Clash of Kings, A Storm of Swords, A Feast for Crows, A Dance with Dragons"
180,180,Benjen Stark,"Uncle Benjen, Ben Stark, The Young Pup","House Stark, Night's Watch",Northmen,"A Game of Thrones, A Clash of Kings, A Storm of Swords, A Feast for Crows, A Dance with Dragons"
188,188,Beren Tallhart,Unknown,House Tallhart,Northmen,"A Clash of Kings, A Feast for Crows"
189,189,Berena Hornwood,Unknown,"House Hornwood, House Tallhart",Northmen,A Feast for Crows
190,190,Beric Dondarrion,"The Lightning Lord, Lord Derik, The Wisp of the Wood, The Scarecrow Knight, The Lord of Corpses","House Dondarrion, Brotherhood Without Banners, House Baratheon",Andals,"A Game of Thrones, A Clash of Kings"
192,192,Beron Blacktyde,Blind Beron Blacktyde,"House Blacktyde, Drowned Men",Unknown,"A Feast for Crows, A Dance with Dragons"
196,196,Beth Cassel,Unknown,"House Cassel, House Stark",Northmen,A Game of Thrones
197,197,Bethany Blackwood,Unknown,House Blackwood,Unknown,A Dance with Dragons
203,203,Biter,Unknown,Unknown,Unknown,"A Clash of Kings, A Feast for Crows"
204,204,Black Maris,Unknown,Unknown,Free Folk,A Dance with Dragons
207,207,Ramsay Bolton,"Ramsay Snow, Lord Snow, The Bastard of Bolton, The Bastard of the Dreadfort, Reek, Red Helm, Monster","House Bolton, House Bolton of Winterfell, House Stark",Northmen,"A Clash of Kings, A Storm of Swords, A Feast for Crows, A Dance with Dragons, The Winds of Winter"
208,208,Boremund Harlaw,Boremund the Blue,House Harlaw of Harridan Hill,Unknown,A Feast for Crows
209,209,Boros Blount,Unknown,"House Blount, House Baratheon, Kingsguard",Stormlander,"A Game of Thrones, A Clash of Kings, A Feast for Crows"
212,212,Bowen Marsh,The Old Pomegranate,"House Marsh, The Night's Watch",Northmen,"A Game of Thrones, A Storm of Swords, A Dance with Dragons"
213,213,Bran Stark,"Bran Stark, Bran the Broken, The Winged Wolf","House Stark, Three-Eyed Crow",Northmen,"A Game of Thrones, A Clash of Kings, A Storm of Swords, A Feast for Crows, A Dance with Dragons, The Winds of Winter"
220,220,Brandon Tallhart,Unknown,House Tallhart,Northmen,A Feast for Crows
222,222,Brella,Unknown,"House Baratheon, House Stark",Unknown,A Feast for Crows
223,223,Brienne Tarth,"Brienne of Tarth, The Maid of Tarth, Brienne the Beauty, Brienne the Blue","House Tarth, House Tully, House Baratheon, Rainbow Guard",Andals,"A Clash of Kings, A Storm of Swords, A Feast for Crows, A Dance with Dragons"
224,224,Bronn,"Ser Bronn of the Blackwater, Lord Stokeworth","House Lannister, The City Watch of King's Landing, House Stokeworth",Unknown,"A Game of Thrones, A Clash of Kings, A Storm of Swords, A Feast for Crows, A Dance with Dragons, The Winds of Winter"
225,225,Brus Buckler,Unknown,"House Buckler, House Baratheon of Dragonstone, The Queen's men",Stormlander,A Dance with Dragons
227,227,Bryce Caron,Bryce the Orange,"House Caron, The Rainbow Guard, House Baratheon of Dragonstone",Marcher,A Game of Thrones
230,230,Brynden Rivers,"Lord Bloodraven, The white worm, The last greenseer, The Three-Eyed Crow, Lord Rivers","House Targaryen[6], Night's Watch[9]",Valyrian,"A Feast for Crows, A Dance with Dragons"
231,231,Brynden Tully,"The Blackfish, Brynden Blackfish, Brynden the Blackfish","House Tully, House Stark, House Arryn",Andals,"A Game of Thrones, A Storm of Swords, A Feast for Crows"
234,234,Burton Crakehall,Unknown,House Crakehall,Unknown,"A Game of Thrones, A Clash of Kings"
235,235,Burton Humble,Unknown,House Humble,Ironborn,A Dance with Dragons
236,236,Byan Votyris,Unknown,Unknown,Norvoshi,A Game of Thrones
237,237,Byron,Byron the Beautiful,House Baelish,Unknown,A Feast for Crows
239,239,Cadwyl,Unknown,House Greyjoy,Ironborn,A Clash of Kings
240,240,Caleotte,Unknown,Unknown,Unknown,A Feast for Crows
242,242,Captain's Sister,Unknown,Herself,Unknown,A Feast for Crows
246,246,Catelyn Stark,"Catelyn Tully, Cat, Lady Stoneheart, The Silent Sister, Mother Merciless, The Hangwoman","House Tully, House Stark, Brotherhood Without Banners",Andals,"A Game of Thrones, A Clash of Kings, A Storm of Swords, A Feast for Crows, A Dance with Dragons, The Winds of Winter"
247,247,Catspaw,Unknown,Unknown,Unknown,A Game of Thrones
248,248,Cayn,Unknown,House Stark,Northmen,A Game of Thrones
249,249,Cedric Payne,Unknown,House Payne,Andals,A Game of Thrones
251,251,Cerenna Lannister,Unknown,House Lannister,Westermen,"A Game of Thrones, A Clash of Kings, A Storm of Swords, A Feast for Crows, A Dance with Dragons"
253,253,Cersei Lannister,Cersei the Lioness,"House Lannister, House Baratheon of King's Landing",Westermen,"A Game of Thrones, A Clash of Kings, A Storm of Swords, A Feast for Crows, A Dance with Dragons, The Winds of Winter"
254,254,Ceryse Hightower,"Queen of the Seven Kingdoms, Lady, Ceryse Targaryen","House Targaryen, House Hightower",Reach,
257,257,Chataya,Unknown,Unknown,Unknown,"A Game of Thrones, A Clash of Kings"
258,258,Chayle,Unknown,"House Stark, Faith of the Seven",Northmen,A Game of Thrones
260,260,Chiggen,Unknown,Unknown,Unknown,A Game of Thrones
263,263,Clayton Suggs,Unknown,"House Suggs, House Baratheon of Dragonstone",Crownlander,A Dance with Dragons
265,265,Clement Piper,Unknown,"House Piper, House Tully, House Baelish",Riverlands,"A Game of Thrones, A Feast for Crows"
266,266,Cleos Frey,Unknown,"House Frey, House Lannister",Westman,"A Clash of Kings, A Storm of Swords"
267,267,Cletus Yronwood,Unknown,House Yronwood,Dornishmenmen,A Dance with Dragons
269,269,Clydas,Unknown,Night's Watch,Unknown,A Feast for Crows
270,270,Cohollo,Unknown,Khal Drogo,Dothraki,A Game of Thrones
274,274,Colmar Frey,Unknown,House Frey,Rivermen,"A Clash of Kings, A Storm of Swords, A Feast for Crows, A Dance with Dragons"
279,279,Cregan Karstark,Unknown,House Karstark,Northmen,A Dance with Dragons
282,282,Creighton Longbough,Unknown,Himself,Unknown,A Feast for Crows
283,283,Cressen,Unknown,Unknown,Unknown,"A Clash of Kings, A Storm of Swords"
289,289,Daario Naharis,Unknown,"House Targaryen, Stormcrows",Tyroshi,"A Storm of Swords, A Feast for Crows, A Dance with Dragons, The Winds of Winter"
290,290,Dacey Mormont,Unknown,House Mormont,Northmen,"A Game of Thrones, A Clash of Kings, A Storm of Swords, A Feast for Crows, A Dance with Dragons"
291,291,Dacks,Unknown,House Redfort,Unknown,A Game of Thrones
292,292,Daegon Shepherd,The Black Shepherd,House Shepherd,Ironborn,A Dance with Dragons
294,294,Daella Targaryen (daughter of Maekar I),Unknown,House Targaryen,Crownlander,A Feast for Crows
298,298,Daenerys I Targaryen,Dany,"House Targaryen, Drogo's Khalasar",Valyrians,"A Game of Thrones, A Clash of Kings, A Storm of Swords, A Feast for Crows, A Dance with Dragons, The Winds of Winter"
300,300,Daenora Targaryen,Unknown,House Targaryen,Crownlander,
303,303,Daeron Targaryen (son of Aegon V),Unknown,House Targaryen,Crownlander,
304,304,Daeron Targaryen (son of Aerys II),Unknown,House Targaryen,Crownlander,
308,308,Dagmer,Dagmer Cleftjaw,House Greyjoy,Ironborn,"A Clash of Kings, A Storm of Swords"
309,309,Dagon Codd,Unknown,House Codd,Ironborn,A Dance with Dragons
311,311,Dagon Greyjoy,Unknown,House Greyjoy,Ironborn,A Dance with Dragons
312,312,Dagon Greyjoy (Drunkard),Dagon the Drunkard,House Greyjoy,Ironborn,A Dance with Dragons
313,313,Dale Drumm,Dale the Dread,House Drumm,Ironborn,A Feast for Crows
315,315,Damion Lannister,Unknown,House Lannister,Unknown,A Feast for Crows
323,323,Danny Flint,Brave Danny Flint,"House Flint, The Night's Watch",Unknown,"A Storm of Swords, A Dance with Dragons"
325,325,Danwell Frey,Unknown,House Frey,Rivermen,A Game of Thrones
326,326,Dareon,"Lover, The Black Singer",The Night's Watch,Unknown,A Game of Thrones
329,329,Daryn Hornwood,Unknown,House Hornwood,Northmen,"A Game of Thrones, A Dance with Dragons"
330,330,Daughter of the Dusk,Unknown,Unknown,Braavosi,A Feast for Crows
331,331,Daven Lannister,Unknown,"House Lannister, House Baratheon of King's Landing",Andals,"A Game of Thrones, A Clash of Kings, A Storm of Swords, A Feast for Crows"
334,334,Davos Seaworth,"Davos Shorthand, The Onion Knight, Davos the Smuggler, Davos of Flea Bottom, The Knight of the Onion Ship, Ser Onions, The Onion Smuggler, The Onion Lord","House Seaworth, House Baratheon of Dragonstone",Andals,"A Clash of Kings, A Storm of Swords, A Feast for Crows, A Dance with Dragons"
338,338,Denyo Terys,Unknown,Titan's Daughter,Unknown,A Feast for Crows
340,340,Denys Drumm,Unknown,House Drumm,Ironborn,A Feast for Crows
343,343,Desmond,Unknown,House Stark,Northmen,A Game of Thrones
344,344,Desmond Grell,Unknown,"House Grell, House Tully, House Stark, Night's Watch",Riverlands,"A Clash of Kings, A Clash of Kings, A Feast for Crows"
346,346,Deziel Dalt,Unknown,House Dalt,Unknown,"A Storm of Swords, A Feast for Crows, A Dance with Dragons"
347,347,Dick Follard,Deaf Dick,"House Follard, The Night's Watch",Crownlander,"A Storm of Swords, A Dance with Dragons"
351,351,Dobber,Unknown,Unknown,Unknown,A Clash of Kings
352,352,Donal Noye,Unknown,"House Baratheon, Night's Watch",Northmen,"A Game of Thrones, A Clash of Kings, A Storm of Swords"
354,354,Donella Hornwood,Unknown,"House Manderly, House Hornwood, House Bolton",Northmen,"A Game of Thrones, A Clash of Kings, A Dance with Dragons"
355,355,Donnel Drumm,Unknown,House Drumm,Ironborn,A Feast for Crows
356,356,Donnel Flint,Unknown,First Flints,Northern mountain clans,A Dance with Dragons
357,357,Donnel Haigh,Unknown,House Haigh,Rivermen,"A Clash of Kings, A Storm of Swords, A Feast for Crows"
360,360,Donnel Waynwood,Unknown,House Waynwood,Unknown,"A Game of Thrones, A Clash of Kings"
361,361,Donnis,Unknown,House Stark,Northmen,A Game of Thrones
362,362,Donnor Saltcliffe,Unknown,House Saltcliffe,Ironborn,A Feast for Crows
364,364,Dontos Hollard,"Dontos the Red, Dontos the Drunk, Florian","House Hollard, House Targaryen, House Baratheon of King's Landing",Andals,A Game of Thrones
365,365,Doran Martell,Unknown,House Nymeros Martell,Dornishmenmen,A Feast for Crows
366,366,Doreah,Unknown,"Illyrio Mopatis, House Targaryen",Lysene,"A Game of Thrones, A Clash of Kings"
367,367,Dormund,Unknown,Unknown,Free Folk,"A Storm of Swords, A Dance with Dragons"
368,368,Dorna Swyft,Unknown,"House Swyft, House Lannister",Unknown,A Dance with Dragons
370,370,Drogo,"The Great Rider, The Great Khal",Himself,Dothraki,"A Game of Thrones, A Clash of Kings, A Storm of Swords, A Feast for Crows, A Dance with Dragons, The Winds of Winter"
371,371,Dryn,Unknown,Unknown,Free Folk,A Dance with Dragons
373,373,Dunstan Drumm,"The Drumm, The Bone Hand",House Drumm,Ironborn,"A Clash of Kings, A Storm of Swords, A Feast for Crows, A Dance with Dragons"
375,375,Duram Bar Emmon,Unknown,House Bar Emmon,Unknown,"A Clash of Kings, A Storm of Swords"
379,379,Duskendale Captain,Unknown,House Rykker,Unknown,A Feast for Crows
380,380,Dusky Woman,Unknown,Unknown,Unknown,"A Feast for Crows, A Dance with Dragons"
382,382,Dykk Harlaw,Unknown,House Harlaw,Unknown,A Clash of Kings
383,383,Dywen,Unknown,The Night's Watch,Unknown,A Game of Thrones
385,385,Eddara Tallhart,Unknown,House Tallhart,Northmen,"A Storm of Swords, A Feast for Crows"
386,386,Eddard Karstark,Edd Karstark,"House Karstark, House Stark",Northmen,A Game of Thrones
387,387,Ned Stark,"Ned Stark, The quiet wolf","House Stark, House Baratheon of King's Landing, House Arryn",Northmen,"A Game of Thrones, A Clash of Kings, A Storm of Swords, A Feast for Crows, A Dance with Dragons, The Winds of Winter"
388,388,Eddison Tollett,Unknown,"House Tollett, Night's Watch",Vale of Arryn,"A Clash of Kings, A Storm of Swords, A Feast for Crows"
390,390,Edgerran Oakheart,Edgerran the Open-Handed,House Oakheart,Unknown,A Feast for Crows
391,391,Edmund Blackwood,Ben Blackwood,House Blackwood,Unknown,A Dance with Dragons
396,396,Edric Storm,Unknown,House Baratheon,Andals,"A Game of Thrones, A Clash of Kings, A Storm of Swords, A Dance with Dragons"
398,398,Edwyle Stark,Unknown,House Stark,Northmen,A Clash of Kings
399,399,Edwyn Frey,Unknown,"House Frey, House Tully, House Baelish",Riverlands,"A Storm of Swords, A Feast for Crows"
401,401,Eerl Harlaw,Unknown,House Harlaw,Unknown,A Dance with Dragons
403,403,Elder Brother,Unknown,Unknown,Unknown,A Feast for Crows
404,404,Eldred Codd,Unknown,House Codd,Ironborn,A Feast for Crows
405,405,Eleyna Westerling,Unknown,House Westerling,Unknown,"A Storm of Swords, A Feast for Crows"
409,409,Elinor Tyrell,Unknown,House Tyrell,Reachmen,"A Storm of Swords, A Feast for Crows, A Dance with Dragons"
414,414,Ellaria Sand,The Serpent's Whore,"House Uller, House Nymeros Martell",Dornishmenmen,"A Game of Thrones, A Clash of Kings, A Storm of Swords, A Feast for Crows, A Dance with Dragons, The Winds of Winter"
417,417,Elmar Frey,Unknown,House Frey,Rivermen,"A Game of Thrones, A Clash of Kings, A Storm of Swords, A Feast for Crows, A Dance with Dragons"
420,420,Elwood Meadows,Unknown,"House Meadows, House Baratheon, House Baratheon of Dragonstone",Reachmen,"A Clash of Kings, A Storm of Swords"
428,428,Emma,Unknown,Unknown,Reachman,A Feast for Crows
429,429,Emmett,Iron Emmett,The Night's Watch,Unknown,"A Storm of Swords, A Feast for Crows, A Dance with Dragons"
431,431,Emmon Frey,Unknown,"House Frey, House Tully, House Baelish, House Lannister",Riverlands,"A Game of Thrones, A Storm of Swords, A Feast for Crows"
434,434,Endrew Tarth,Unknown,"House Tarth, The Night's Watch",Stormlander,"A Game of Thrones, A Clash of Kings, A Storm of Swords"
435,435,Erena Glover,Unknown,House Glover,Northmen,"A Clash of Kings, A Feast for Crows, A Dance with Dragons"
442,442,Erryk,Unknown,House Tyrell,Unknown,A Feast for Crows
447,447,Falyse Stokeworth,Unknown,"House Stokeworth, House Byrch",The Crownlands,A Feast for Crows
449,449,Flement Brax,Unknown,House Brax,Unknown,"A Game of Thrones, A Clash of Kings, A Storm of Swords, A Feast for Crows"
453,453,Syrio Forel,Unknown,House Stark.,Braavosi,A Game of Thrones
454,454,Forley Prester,Unknown,"House Prester, House Lannister",Unknown,"A Game of Thrones, A Clash of Kings, A Feast for Crows"
457,457,Franklyn Flowers,"The Bastard of Cider Hall, The Brown Apple",Golden Company,Andals,A Dance with Dragons
459,459,Frenken,Unknown,"The Citadel, House Stokeworth",Unknown,"A Clash of Kings, A Storm of Swords, A Feast for Crows"
465,465,Galbart Glover,Unknown,House Glover,Northmen,"A Game of Thrones, A Clash of Kings, A Storm of Swords"
466,466,Gared,Unknown,Unknown,Unknown,"A Game of Thrones, A Clash of Kings"
470,470,Garlan Tyrell,"Garlan the Galliant, Renly's Ghost, Lord Renly, Lord Renly's Shade","House Tyrell of Brightwater Keep, House Tyrell, House Baratheon of King's Landing",Andals,"A Clash of Kings, A Storm of Swords, A Feast for Crows"
472,472,Garse Goodbrook,Unknown,House Goodbrook,Unknown,"A Storm of Swords, A Dance with Dragons"
474,474,Garth Greenfield,Unknown,House Greenfield,Unknown,"A Game of Thrones, A Storm of Swords"
477,477,Garth Tyrell,Garth the Gross,House Tyrell,Reachmen,"A Game of Thrones, A Clash of Kings, A Storm of Swords, A Dance with Dragons"
478,478,Gawen Glover,Unknown,House Glover,Northmen,"A Clash of Kings, A Feast for Crows, A Dance with Dragons"
479,479,Gawen Westerling,Unknown,House Westerling,Unknown,"A Game of Thrones, A Clash of Kings, A Storm of Swords, A Feast for Crows"
481,481,Gendry,"Gendry the Bull, Ser Gendry of the Hollow Hill","Brotherhood Without Banners, House Dondarrion, Night's Watch, Tobho Mott",Andals,"A Game of Thrones, A Clash of Kings, A Storm of Swords, A Feast for Crows"
482,482,Genna Lannister,Unknown,"House Lannister, House Frey",Unknown,A Clash of Kings
483,483,Gerald Gower,Unknown,"House Gower, Stannis Baratheon",Unknown,A Storm of Swords
486,486,Germund Botley,Unknown,House Botley,Ironborn,A Feast for Crows
490,490,Gerrick Kingsblood,Gerrick Kingsblood,"Mance Rayder, House Redbeard, House Baratheon of Dragonstone",Free Folk,A Dance with Dragons
491,491,Gerrick Kingsblood's Youngest Daughter,Unknown,House Redbeard,Free Folk,A Dance with Dragons
492,492,Gevin Harlaw,Unknown,House Harlaw,Unknown,A Clash of Kings
493,493,Gilbert Farring,Unknown,"House Farring, House Baratheon of Dragonstone",Unknown,"A Storm of Swords, A Feast for Crows"
496,496,Gilly,Unknown,Night's Watch,Free Folk,"A Clash of Kings, A Storm of Swords, A Feast for Crows, A Dance with Dragons"
497,497,Gilly's son,Unknown,Unknown,Unknown,A Feast for Crows
499,499,Godry Farring,Godry the Giantslayer,"House Farring, House Baratheon of Dragonstone",Unknown,"A Storm of Swords, A Dance with Dragons"
503,503,Gormond Drumm,Gormond the Oldfather,House Drumm,Ironborn,A Feast for Crows
504,504,Gormond Goodbrother,Unknown,House Goodbrother,Ironborn,A Feast for Crows
505,505,Gorold Goodbrother,Unknown,House Goodbrother,Ironborn,A Feast for Crows
506,506,Gran Goodbrother,Unknown,House Goodbrother,Ironborn,A Feast for Crows
509,509,Greenbeard,Unknown,Unknown,Unknown,A Storm of Swords
510,510,Gregor Clegane,"The Mountain That Rides, The Mountain, The Great Dog, The Enormity That Rides","House Clegane, House Lannister",Andals,A Game of Thrones
512,512,Grenn,Unknown,Unknown,Unknown,"A Game of Thrones, A Feast for Crows"
516,516,Greydon Goodbrother,Unknown,House Goodbrother,Ironborn,A Feast for Crows
517,517,Balon IX Greyjoy,"Balon of the House Greyjoy, the Ninth of His Name since the Grey King, Balon the Brave, Balon the Blessed, Balon the Twice Crowned, Balon the Widowmaker, The wet king, The kraken king, The iron king, The Greyjoy",House Greyjoy,Ironborn,"A Clash of Kings, A Storm of Swords"
521,521,Guncer Sunglass,Unknown,"House Sunglass, House Baratheon of Dragonstone",Crownlander,"A Clash of Kings, A Storm of Swords"
522,522,Gwayne Gaunt,Unknown,"House Gaunt, , Kingsguard",Crownlander,"A Storm of Swords, A Feast for Crows"
525,525,Gwin Goodbrother,Unknown,House Goodbrother,Ironborn,A Feast for Crows
528,528,Gylbert Farwynd,Unknown,House Farwynd of the Lonely Light,Ironborn,A Feast for Crows
530,530,Gyles Farwynd,Unknown,House Farwynd of the Lonely Light,Ironborn,A Feast for Crows
532,532,Gyles Rosby,The Cougher,"House Rosby, House Baratheon of King's Landing",Andals,A Feast for Crows
533,533,Gysella Goodbrother,Unknown,House Goodbrother,Ironborn,A Feast for Crows
534,534,Haegon Blackfyre,Unknown,House Blackfyre,Crownlander,
535,535,Haereg,Unknown,The Citadel,Unknown,A Feast for Crows
536,536,Haggo,Unknown,Khal Drogo,Dothraki,A Game of Thrones
539,539,Hake,Unknown,"The Night's Watch, The Others",Unknown,A Game of Thrones
540,540,Hal (Hairy),Unknown,Night's Watch,Unknown,A Feast for Crows
541,541,Halder,Stone Head,The Night's Watch,Unknown,A Game of Thrones
543,543,Hali,Unknown,Unknown,Wildlings,A Game of Thrones
544,544,Halleck,Unknown,Mance Rayder,Unknown,A Dance with Dragons
547,547,Hallis Mollen,Hal,"House Mollen, House Satrk",Northmen,"A Game of Thrones, A Clash of Kings"
548,548,Hallyne,Unknown,"The Alchemist's Guild, House Baratheon",The Crownlands,A Feast for Crows
549,549,Halys Hornwood,Unknown,House Hornwood,Northmen,A Game of Thrones
550,550,Hareth,Horse,The Night's Watch,Northmen,"A Storm of Swords, A Dance with Dragons"
553,553,Harlon Greyjoy,Unknown,House Greyjoy,Ironborn,A Feast for Crows
555,555,Harma,Unknown,"Harma the Dogshead, Harma Dogshead",Unknown,"A Clash of Kings, A Storm of Swords"
556,556,Harmen Uller,Unknown,House Uller,Dornishmenmen,"A Storm of Swords, A Feast for Crows, A Dance with Dragons"
561,561,Harmund Sharp,Unknown,House Sharp,Ironborn,A Feast for Crows
563,563,Harrag Sharp,Harrag Sheepstealer,House Sharp,Ironborn,A Clash of Kings
564,564,Harras Harlaw,Harras the Knight,House Harlaw of Grey Garden,Unknown,A Feast for Crows
566,566,Harren Botley,Unknown,House Botley,Ironborn,A Feast for Crows
569,569,Harrion Karstark,Harry,House Karstark,Northmen,"A Game of Thrones, A Clash of Kings, A Storm of Swords, A Feast for Crows, A Dance with Dragons"
570,570,Harrold Hardyng,"Harry the Heir, The Young Falcon, Harry the Arse","House Hardyng, House Arryn, House Waynwood",Unknown,A Feast for Crows
576,576,Harry Rivers,Unknown,House Bracken,Rivermen,A Storm of Swords
577,577,Harry Strickland,Unknown,"House Strickland, , Golden Company",Unknown,"A Dance with Dragons, The Winds of Winter"
578,578,Harwin,Unknown,"House Stark, Brotherhood without Banners",Northmen,"A Game of Thrones, A Storm of Swords"
581,581,Harys Haigh,Unknown,"House Haigh, , House Frey",Rivermen,"A Clash of Kings, A Storm of Swords, A Feast for Crows"
583,583,Harys Swyft,The knight of the yellow chicken,House Swyft,Unknown,"A Game of Thrones, A Clash of Kings, A Storm of Swords, A Feast for Crows, A Dance with Dragons"
584,584,Helman Tallhart,Unknown,House Tallhart,Northmen,"A Game of Thrones, A Clash of Kings, A Storm of Swords"
585,585,Hendry Bracken,Unknown,House Bracken,Unknown,A Clash of Kings
586,586,Henly (Maester),Unknown,"The Citadel, House Slate,br>House Bolton",Unknown,A Dance with Dragons
589,589,Heward,Unknown,House Stark,Northmen,A Game of Thrones
590,590,Hibald,Unknown,Himself,Unknown,A Feast for Crows
593,593,High Septon (Tyrion's),Unknown,Faith of the Seven,Unknown,"A Storm of Swords, A Feast for Crows"
595,595,Hilmar Drumm,Hilmar the Cunning,House Drumm,Ironborn,A Feast for Crows
599,599,Hobber Redwyne,Slobber,"House Redwyne, House Tyrell",Andals,"A Game of Thrones, A Feast for Crows"
601,601,Hodor,Hodor,House Stark,Northmen,"A Game of Thrones, A Clash of Kings, A Storm of Swords, A Feast for Crows, A Dance with Dragons"
602,602,Hoke,Unknown,Unknown,Unknown,A Feast for Crows
603,603,Holly,Unknown,Mance Rayder,Wildling,A Dance with Dragons
604,604,Hop-Robin,Unknown,The Night's Watch,Unknown,"A Storm of Swords, A Dance with Dragons"
605,605,Horas Redwyne,Unknown,"House Redwyne, House Tyrell",Unknown,"A Game of Thrones, A Feast for Crows"
607,607,Horton Redfort,Unknown,"House Redfort, Lords Declarant",Unknown,"A Storm of Swords, A Feast for Crows"
610,610,Hosteen Frey,Unknown,"House Frey, House Tully",Riverlands,"A Game of Thrones, A Clash of Kings, A Storm of Swords, A Dance with Dragons"
612,612,Hoster Blackwood,Unknown,"House Blackwood, House Tully, House Stark, House Baelish",Riverlands,A Dance with Dragons
614,614,Hot Pie,Unknown,Unknown,Unknown,"A Clash of Kings, A Storm of Swords"
615,615,Hotho Harlaw,Hotho Humpback,"House Harlaw of the Tower of Glimmering, House Harlaw",Unknown,A Feast for Crows
617,617,Hubard Rambton,Unknown,"House Rambton, House Baratheon of Dragonstone",Unknown,"A Clash of Kings, A Storm of Swords"
619,619,Hugh,Hugh of the Vale,"House Arryn, House Baratheon of King's Landing",Valemen,A Game of Thrones
620,620,Hugh Clifton,Unknown,"House Clifton, House Tyrell",Unknown,"A Feast for Crows, A Dance with Dragons"
622,622,Hugo Wull,Big Bucket,House Wull,Northern mountain clans,A Dance with Dragons
623,623,Hullen,Unknown,House Stark,Unknown,A Game of Thrones
627,627,Humfrey Clifton,Unknown,"House Clifton, House Baratheon of Dragonstone",Unknown,A Dance with Dragons
629,629,Humfrey Swyft,Unknown,House Swyft,Unknown,"A Feast for Crows, A Dance with Dragons"
630,630,Illifer,Unknown,Himself,Unknown,A Feast for Crows
631,631,Illyrio Mopatis,Unknown,"House Targaryen, Varys",Pentos,A Game of Thrones
632,632,Ilyn Payne,Unknown,House Lannister,Westerman,"A Game of Thrones, A Clash of Kings, A Storm of Swords, A Feast for Crows"
633,633,Imry Florent,Unknown,"House Florent, House Baratheon of Dragonstone",Unknown,A Clash of Kings
634,634,Irri,Unknown,House Targaryen,Dothraki,A Game of Thrones
636,636,Jacelyn Bywater,Unknown,"House Bywater, The City Watch",Unknown,A Clash of Kings
637,637,Jack Bulwer,Unknown,"House Bulwer, Night's Watch",Unknown,A Feast for Crows
639,639,Jacks,Unknown,House Stark,Northmen,A Game of Thrones
641,641,Jafer Flowers,Unknown,"The Night's Watch, The Others",The Reach,A Game of Thrones
642,642,Jalabhar Xho,Unknown,House Xho,Summer Islander,"A Game of Thrones, A Clash of Kings"
645,645,Janna Tyrell,Unknown,"House Tyrell, , House Fossoway of New Barrel",Reachmen,"A Game of Thrones, A Clash of Kings, A Storm of Swords, A Feast for Crows, A Dance with Dragons"
646,646,Janos Slynt,Unknown,"House Slynt, Night's Watch, City Watch",Andals,"A Game of Thrones, A Clash of Kings, A Storm of Swords, A Dance with Dragons"
647,647,Jaqen H'ghar,The Alchemist,Faceless Men,Lorathi,"A Clash of Kings, A Storm of Swords, A Feast for Crows, A Dance with Dragons"
648,648,Jared Frey,Unknown,"House Frey, House Tully, House Baelish",Riverlands,"A Game of Thrones, A Clash of Kings, A Dance with Dragons"
649,649,Jaremy Rykker,Unknown,"House Rykker, The Night's Watch",Unknown,"A Game of Thrones, A Clash of Kings, A Storm of Swords"
653,653,Jax,Unknown,"Mance Rayder, The Night's Watch",Free Folk,A Dance with Dragons
657,657,Jeren,Unknown,The Night's Watch,Unknown,A Game of Thrones
659,659,Jeyne Darry,Unknown,"House Darry, House Frey",Unknown,"A Game of Thrones, A Clash of Kings, A Feast for Crows"
660,660,Jeyne Farman,Unknown,"House Farman, House Clifton",Westerlander,A Feast for Crows
664,664,Jeyne Poole,"Arya Stark, Lady Bolton","House Poole, House Stark, House Bolton of Winterfell",Northmen,A Game of Thrones
665,665,Jeyne Waters,Unknown,Unknown,Crownlander,
666,666,Jeyne Westerling,Unknown,"House Westerling, House Stark",Andals,"A Storm of Swords, A Feast for Crows, A Dance with Dragons, The Winds of Winter"
667,667,Jeyne Westerling (Wife of Maegor I),Black Bride,"House Westerling, House Tarbeck, House Targaryen",Unknown,A Storm of Swords
668,668,Jhiqui,Unknown,House Targaryen,Dothraki,A Game of Thrones
669,669,Jhogo,Unknown,"Khal Drogo's khalasar, House Targaryen, The Queensguard",Dothraki,A Game of Thrones
675,675,Jocelyn Swyft,Unknown,Unknown,Unknown,A Feast for Crows
677,677,Joffrey I Baratheon,"Joffrey of Houses Baratheon and Lannister, the First of His Name, Joffrey of the House Baratheon, the First of His Name, Joffrey the Illborn, The Young Usurper, Robert II, Aerys III, Joff, Good King Joffrey",House Baratheon of King's Landing,Andals,"A Game of Thrones, A Clash of Kings, A Storm of Swords, A Feast for Crows, A Dance with Dragons, The Winds of Winter"
682,682,Jojen Reed,Unknown,Unknown,Unknown,"A Clash of Kings, A Storm of Swords"
683,683,Jommo,Unknown,Unknown,Dothraki,A Game of Thrones
684,684,Jon Bettley,Beardless Jon Bettley,House Bettley,Unknown,A Feast for Crows
694,694,Jon Myre,Pinchface Jon Myre,House Myre,Ironborn,A Feast for Crows
700,700,Jon Umber (Greatjon),"The Greatjon, Greatjon Umber",House Umber,Northmen,"A Game of Thrones, A Clash of Kings, A Storm of Swords, A Feast for Crows, A Dance with Dragons, The Winds of Winter"
702,702,Jon Waters,Unknown,Unknown,Crownlander,A Feast for Crows
706,706,Jonos Bracken,Unknown,"House Bracken, House Tully, House Stark, House Baelish",Riverlands,"A Game of Thrones, A Clash of Kings, A Storm of Swords, A Dance with Dragons"
713,713,Jory Cassel,Unknown,"House Cassel, House Stark",Northmen,A Game of Thrones
716,716,Joss Stillwood,Unknown,House Clegane,Unknown,A Game of Thrones
718,718,Joy Hill,Unknown,House Lannister,Unknown,"A Storm of Swords, A Feast for Crows"
719,719,Joyeuse Erenford,Unknown,"House Erenford, House Frey",Unknown,A Game of Thrones
720,720,Jurene,Unknown,"House Baratheon, House Baratheon of Dragonstone",Unknown,A Storm of Swords
722,722,Jyck,Unknown,House Lannister,Unknown,A Game of Thrones
726,726,Karyl Vance,Unknown,"House Vance from Wayfarer's Rest, House Tully, House Stark, House Baelish",Riverlands,"A Game of Thrones, A Feast for Crows"
727,727,Kedge,Unknown,Night's Watch,Unknown,"A Storm of Swords, A Dance with Dragons"
728,728,Kegs,Unknown,The Night's Watch,Unknown,"A Storm of Swords, A Dance with Dragons"
729,729,Kella,Unknown,House Baelish,Unknown,A Storm of Swords
731,731,Kevan Lannister,Unknown,House Lannister,Unknown,"A Clash of Kings, A Storm of Swords, A Feast for Crows"
732,732,Kezmya Pahl,Unknown,"House of Pahl, House Targaryen, House of Loraq",Ghiscari,A Dance with Dragons
733,733,Kindly Man,Unknown,Faceless Men,Unknown,A Feast for Crows
735,735,Kurleket,Unknown,House Bracken,Unknown,A Game of Thrones
737,737,Kyra Frey,Unknown,"House Frey, House Goodbrook",Unknown,"A Storm of Swords, A Dance with Dragons"
739,739,Lambert Turnberry,Unknown,"House Turnberry, House Lannister",The Westerlands,A Feast for Crows
740,740,Lancel Lannister,Unknown,Unknown,Unknown,"A Game of Thrones, A Clash of Kings, A Feast for Crows"
743,743,Tyrek Lannister,Wet Nurse,House Lannister,Unknown,A Game of Thrones
745,745,Larence Snow,The Bastard of Hornwood,"House Hornwood, House Glover",Northmen,"A Clash of Kings, A Dance with Dragons"
746,746,Lark,Lark the Sisterman,The Night's Watch,Sistermen,"A Clash of Kings, A Storm of Swords"
748,748,Last hero,The Last Hero,Unknown,First Men,A Game of Thrones
750,750,Laswell Peake,Unknown,The Golden Company,Unknown,A Dance with Dragons
752,752,Leathers,Unknown,"Mance Rayder, The Night's Watch",Free Folk,A Dance with Dragons
754,754,Lem Lemoncloak,Unknown,Unknown,Unknown,"A Storm of Swords, A Feast for Crows"
755,755,Lenwood Tawney,Little Lenwood Tawney,House Tawney,Ironborn,A Feast for Crows
757,757,Leo Tyrell (son of Moryn),"Lazy Leo, Leo the Lazy","House Tyrell, Maesters",Andals,A Feast for Crows
759,759,Leobald Tallhart,Unknown,House Tallhart,Northmen,A Clash of Kings
760,760,Leona Woolfield,Unknown,"House Woolfield, House Manderly",Northmen,A Dance with Dragons
762,762,Leonette Fossoway,Leonette Fossoway,"House Fossoway, House Tyrell, House Tyrell of Brightwater Keep",Andals,A Storm of Swords
764,764,Lester,Unknown,Unknown,Unknown,A Feast for Crows
765,765,Lew,Unknown,Night's Watch,Unknown,A Feast for Crows
766,766,Lew (Winterfell Guard),Unknown,House Stark,Northmen,A Game of Thrones
767,767,Lewys Lydden,Unknown,House Lydden,Unknown,"A Game of Thrones, A Clash of Kings"
768,768,Lewys Piper,Unknown,House Piper,Unknown,A Feast for Crows
769,769,Lharys,Unknown,House Bracken,Unknown,A Game of Thrones
772,772,Lily,Unknown,Faith of the Seven,Crownlander,
777,777,Loras Tyrell,"The Knight of Flowers, The Knight of Pansies","House Tyrell, Kingsguard, Rainbow Guard",Andals,"A Game of Thrones, A Feast for Crows"
780,780,Lord Commander's Raven,Unknown,Unknown,Unknown,A Feast for Crows
782,782,Lord Sunglass,Unknown,House Sunglass,Unknown,A Storm of Swords
784,784,Loren I Lannister,Loren the Last,House Lannister,Westerlander,A Game of Thrones
786,786,Lorent Caswell,Unknown,"House Caswell, House Tyrell",Reachman,A Clash of Kings
790,790,Lorimer,Lorimer the Belly,House Lefford,Unknown,A Game of Thrones
795,795,Lothar Frey,Lame Lothar,"House Frey, House Tully",Riverlands,A Storm of Swords
796,796,Lothor Brune,Lothor Apple-Eater,"House Brune of Brownhollow, House Baratheon of King's Landing, House Baelish",Unknown,"A Game of Thrones, A Clash of Kings, A Storm of Swords, A Feast for Crows"
797,797,Lucamore Strong,Unknown,"House Strong, House Targaryen, Kingsguard, Night's Watch",Unknown,A Feast for Crows
798,798,Lucas Blackwood,Unknown,"House Blackwood, House Tully, House Stark",Riverlands,"A Clash of Kings, A Storm of Swords, A Dance with Dragons"
799,799,Lucas Codd,Left-Hand Lucas Codd,House Codd,Ironborn,A Feast for Crows
801,801,Lucas Roote,Unknown,House Roote,Unknown,A Storm of Swords
802,802,Luceon Frey,Unknown,"House Frey, Faith of the Seven, Most Devout",Rivermen,"A Clash of Kings, A Storm of Swords, A Feast for Crows, A Dance with Dragons"
809,809,Luthor Tyrell,Unknown,House Tyrell,Reachmen,A Storm of Swords
812,812,Luwin,Unknown,"House Stark, Maesters of the Citadel",Westeros,"A Game of Thrones, A Clash of Kings"
813,813,Lyanna Mormont,Unknown,House Mormont,Northmen,"A Feast for Crows, A Dance with Dragons"
814,814,Lyanna Stark,"The She-wolf, The Wolf Maid, Lya, Wolf girl",House Stark,Northmen,"A Game of Thrones, A Clash of Kings, A Storm of Swords, A Feast for Crows, A Dance with Dragons"
817,817,Lyle Crakehall,Strongboar,House Crakehall,Unknown,"A Clash of Kings, A Storm of Swords, A Feast for Crows"
818,818,Lyman Darry,Unknown,"House Darry, House Tully, House Stark",Westeros,"A Game of Thrones, A Clash of Kings"
820,820,Lymond Goodbrook,Unknown,House Goodbrook,Unknown,"A Storm of Swords, A Feast for Crows"
823,823,Lymond Vikary,Unknown,House Vikary,Unknown,"A Clash of Kings, A Storm of Swords"
824,824,Lyn Corbray,Unknown,"House Corbray, Lords Declarant",Unknown,"A Game of Thrones, A Feast for Crows"
829,829,Lyonel Corbray,Unknown,House Corbray,Valemen,A Feast for Crows
830,830,Lyonel Frey,Unknown,"House Frey, House Frey of Riverrun, House Lannister",Andals,A Feast for Crows
836,836,Lythene Frey,Unknown,House Frey,Unknown,"A Clash of Kings, A Storm of Swords, A Feast for Crows"
837,837,Mace Tyrell,"Lord Oaf, The Fat Flower, Lord Puff Fish","House Tyrell, House Baratheon of King's Landing, House Baratheon of Storm's End",Andals,"A Clash of Kings, A Storm of Swords, A Feast for Crows, A Dance with Dragons"
838,838,Mad Huntsman,Unknown,Unknown,Unknown,A Storm of Swords
844,844,Maelys Blackfyre,"Maelys the Monstrous, Maelys of the House Blackfyre, the First of His Name","House Blackfyre, Golden Company",Free Cities,"A Storm of Swords, A Feast for Crows, A Dance with Dragons, The Winds of Winter"
847,847,Malegorn of Redpool,Malegorn of Redpool,House Baratheon of Dragonstone,Unknown,A Dance with Dragons
848,848,Malleon,Unknown,"The Citadel, House Targaryen",Unknown,A Game of Thrones
849,849,Jason Mallister,Unknown,"House Mallister, House Tully, House Baelish",Riverlands,"A Game of Thrones, A Clash of Kings, A Storm of Swords, A Feast for Crows"
850,850,Mallor the Dornishman,Mallor the Dornishman,House Lannister,Dornishmenmen,A Game of Thrones
851,851,Mandon Moore,Unknown,"House Moore, The Kingsguard",Valemen,"A Game of Thrones, A Clash of Kings"
854,854,Manfrey Martell,Unknown,House Martell,Dornishmenmen,A Feast for Crows
855,855,Manfryd Merlyn,Unknown,House Merlyn,Ironborn,A Dance with Dragons
858,858,Manfryd Yew,Unknown,House Yew,Unknown,A Feast for Crows
861,861,Marghaz zo Loraq,Unknown,"House of Loraq, Brazen Beasts",Ghiscari,A Dance with Dragons
864,864,Marillion,Unknown,House Arryn,Unknown,A Game of Thrones
866,866,Mariya Darry,Unknown,"House Darry, House Frey, House Lannister",Rivermen,A Feast for Crows
867,867,Mark Mullendore,Unknown,House Mullendore,Reachmen,"A Clash of Kings, A Feast for Crows, A Dance with Dragons"
869,869,Marlon Manderly,Unknown,House Manderly,Unknown,A Dance with Dragons
871,871,Maron Botley,"Old Botley, Fishwhiskers",House Botley,Ironborn,A Clash of Kings
873,873,Maron Volmark,Unknown,House Volmark,Ironborn,A Feast for Crows
875,875,Marq Piper,Unknown,"House Piper, House Tully, House Stark",Riverlands,"A Game of Thrones, A Storm of Swords"
881,881,Martyn Lannister,Unknown,House Lannister,Unknown,"A Clash of Kings, A Storm of Swords"
883,883,Martyn Rivers,Unknown,House Frey,Rivermen,A Game of Thrones
885,885,Masha Heddle,Unknown,House Heddle,Riverlander,A Game of Thrones
886,886,Maslyn,Unknown,The Night's Watch,Unknown,A Storm of Swords
887,887,Matarys Targaryen,The Even Younger Prince,House Targaryen,Crownlander,
889,889,Mathis Rowan,Unknown,House Rowan,Reach,"A Game of Thrones, A Clash of Kings, A Storm of Swords, A Feast for Crows, A Dance with Dragons"
890,890,Matthar,"Matt, Ser Loon",The Night's Watch,Unknown,A Game of Thrones
894,894,Medrick,Unknown,"The Citadel, House Hornwood, House Bolton",Unknown,A Dance with Dragons
896,896,Meera Reed,Unknown,House Reed,Crannogmen,"A Clash of Kings, A Storm of Swords, A Dance with Dragons"
897,897,Megga Tyrell,Unknown,House Tyrell,Unknown,"A Storm of Swords, A Feast for Crows"
900,900,Melara Crane,Unknown,"House Crane, House Florent",Unknown,A Storm of Swords
901,901,Meldred Merlyn,The Merlyn,House Merlyn,Ironborn,A Feast for Crows
903,903,Melessa Florent,Unknown,"House Florent, House Tarly",Unknown,A Storm of Swords
904,904,Melisandre,"Melony, The Red Woman, The Red Witch, The King's Red Shadow, Lady Red, Lot Seven","Faith of R'hllor, House Baratheon of Dragonstone",Asshai,"A Clash of Kings, A Storm of Swords, A Feast for Crows, A Dance with Dragons, The Winds of Winter"
905,905,Melissa Blackwood,Missy,House Blackwood,Unknown,A Dance with Dragons
909,909,Merianne Frey,Unknown,House Frey,Riverlander,A Storm of Swords
910,910,Meribald,Unknown,Unknown,Unknown,A Feast for Crows
911,911,Merlon Crakehall,Unknown,House Crakehall,Unknown,A Storm of Swords
917,917,Meryn Trant,Unknown,"House Trant, The Kingsguard, House Baratheon of King's Landing",Unknown,"A Game of Thrones, A Clash of Kings, A Feast for Crows"
918,918,Mikken,Unknown,House Stark,Unknown,"A Game of Thrones, A Clash of Kings"
922,922,Mohor,Unknown,House Bracken,Unknown,A Game of Thrones
923,923,Mollander,Unknown,Unknown,Unknown,A Feast for Crows
926,926,Moon Boy,Unknown,"House Baratheon of King's Landing, Varys",Unknown,"A Game of Thrones, A Clash of Kings"
928,928,Mordane,Unknown,House Stark,Unknown,A Game of Thrones
929,929,Moreo Tumitis,Unknown,Unknown,Unknown,A Game of Thrones
933,933,Morgarth,Morgarth the Merry,House Baelish,Unknown,A Feast for Crows
935,935,Jeor Mormont,The Old Bear,"House Mormont, Night's Watch, House Stark",Northmen,"A Game of Thrones, A Clash of Kings, A Storm of Swords, A Feast for Crows, A Dance with Dragons"
936,936,Jorah Mormont,"Jorah the Andal, The Exile Knight, Ser Bezoar","House Mormont, House Targaryen, Second Sons",Northmen,"A Game of Thrones, A Clash of Kings, A Storm of Swords, A Feast for Crows, A Dance with Dragons, The Winds of Winter"
937,937,Moro,Unknown,"Himself, House Targaryen",Dothraki,A Game of Thrones
938,938,Morrec,Unknown,House Lannister,Westerlander,A Game of Thrones
939,939,Morros Slynt,Unknown,"House Slynt, House Baratheon of King's Landing",Crownlander,"A Clash of Kings, A Storm of Swords"
943,943,Mully,Unknown,Night's Watch,Unknown,A Feast for Crows
944,944,Munda,Unknown,Unknown,Free Folk,A Storm of Swords
945,945,Murenmure,Unknown,House Goodbrother,Unknown,A Feast for Crows
947,947,Mycah,The Butcher's Boy,Unknown,Unknown,A Game of Thrones
948,948,Mychel Redfort,Unknown,House Redfort,Unknown,"A Game of Thrones, A Feast for Crows"
949,949,Myles,Unknown,Unknown,Unknown,A Feast for Crows
952,952,Myranda Lefford,Unknown,"House Lefford, House Lannister",Unknown,A Clash of Kings
953,953,Myrcella Baratheon,Unknown,"House Baratheon of King's Landing, House Martell",Andals,A Game of Thrones
955,955,Myrielle Lannister,Unknown,House Lannister,Westermen,"A Game of Thrones, A Clash of Kings, A Storm of Swords, A Feast for Crows, A Dance with Dragons"
957,957,Naerys Targaryen,Unknown,House Targaryen,Valryia (with influence from Andals),
958,958,Naggle,Unknown,Himself,Unknown,A Feast for Crows
959,959,Narha Otherys,Unknown,Unknown,Braavosi,
960,960,Night's King,Unknown,Unknown,Unknown,A Storm of Swords
961,961,Norbert Vance,Unknown,"House Vance of Atranta, House Tully, House Baelish",Riverlands,A Feast for Crows
962,962,Norjen,Unknown,Unknown,Unknown,A Feast for Crows
967,967,Notch,Unknown,Brotherhood without Banners,Unknown,"A Storm of Swords, A Dance with Dragons"
968,968,Nute the Barber,Nute the Barber,House Greyjoy,Ironborn,A Feast for Crows
969,969,Nymeria,Nymeria of the Rhoyne,House Martell,Rhoynar,"A Game of Thrones, A Feast for Crows, A Dance with Dragons"
970,970,Nymeria Sand,Lady Nym,"House Martell, Sand Snakes",Dornishmenmen,"A Storm of Swords, A Feast for Crows, A Dance with Dragons, The Winds of Winter"
971,971,Obara Sand,Unknown,Unknown,Unknown,A Feast for Crows
972,972,Oberyn Martell,The Red Viper,"House Martell, Second Sons",Dornishmenmen,"A Game of Thrones, A Clash of Kings, A Storm of Swords, A Feast for Crows, A Dance with Dragons, The Winds of Winter"
973,973,Old Nan,Unknown,House Stark,Northmen,A Game of Thrones
975,975,Olenna Tyrell,"Olenna Redwyne, The Queen of Thorns","House Redwyne, House Tyrell",Andals,"A Game of Thrones, A Clash of Kings, A Storm of Swords, A Feast for Crows, A Dance with Dragons"
978,978,Olyvar Frey,Unknown,"House Frey, House TullyHouse Stark",Riverlands,"A Game of Thrones, A Storm of Swords"
981,981,Omer Blackberry,Unknown,"House Blackberry, House Baratheon of Dragonstone",Unknown,A Storm of Swords
983,983,Ondrew Locke,Old Lord Locke,House Locke,Unknown,A Clash of Kings
991,991,Osbert Serry,Unknown,House Serry,Unknown,A Feast for Crows
993,993,Osfryd Kettleblack,Unknown,Unknown,Unknown,A Feast for Crows
994,994,Osha,Unknown,"House Stark, Free Folk",Free Folk,"A Game of Thrones, A Clash of Kings, A Storm of Swords, A Feast for Crows, A Dance with Dragons"
995,995,Osmund Kettleblack,Unknown,"House Kettleblack, House Baelish, Kingsguard",Unknown,A Feast for Crows
997,997,Osney Kettleblack,Unknown,Unknown,Unknown,A Feast for Crows
1004,1004,Othell Yarwyck,Unknown,"House Yarwyck, The Night's Watch",Westermen,"A Game of Thrones, A Storm of Swords, A Dance with Dragons"
1008,1008,Othor,Unknown,"The Night's Watch, The Others",Unknown,A Game of Thrones
1009,1009,Ottyn Wythers,Unknown,"House Wythers, The Night's Watch",Reachmen,"A Clash of Kings, A Storm of Swords"
1012,1012,Oznak zo Pahl,Unknown,House of Pahl,Ghiscari,A Storm of Swords
1013,1013,Patchface,Patches,House Baratheon of Dragonstone,Unknown,"A Clash of Kings, A Storm of Swords, A Dance with Dragons"
1014,1014,Pate,Unknown,Unknown,Unknown,A Feast for Crows
1018,1018,Patrek Mallister,Unknown,"House Mallister, House Tully",Riverman,A Game of Thrones
1019,1019,Paxter Redwyne,Unknown,"House Redwyne, House Tyrell, House Baratheon of King's Landing",Andals,A Feast for Crows
1024,1024,Perkin Follard,Unknown,"House Follard, House Baratheon of Dragonstone, The Queen's men",Crownlander,A Dance with Dragons
1025,1025,Perra Royce,Unknown,"House Royce, House Frey",Valemen,"A Clash of Kings, A Storm of Swords, A Feast for Crows, A Dance with Dragons"
1027,1027,Perwyn Frey,Unknown,House Frey,Rivermen,A Game of Thrones
1028,1028,Petyr Baelish,"Littlefinger, Lord Littlefinger","House Baelish, House Arryn, House Baratheon of King's Landing","Andals, Essos, Braavosi","A Game of Thrones, A Clash of Kings, A Storm of Swords, A Feast for Crows, A Dance with Dragons"
1029,1029,Petyr Frey,Petyr Pimple,House Frey,Riverlander,"A Clash of Kings, A Storm of Swords, A Feast for Crows"
1031,1031,Philip Foote,Unknown,"House Foote, House Foote of Nightsong",Unknown,"A Clash of Kings, A Storm of Swords, A Dance with Dragons"
1033,1033,Podrick Payne,Unknown,"House Payne, House Lannister, House Lefford, Tyrion Lannister",Unknown,A Feast for Crows
1034,1034,Polliver,Unknown,Unknown,Unknown,"A Clash of Kings, A Storm of Swords"
1035,1035,Porther,Unknown,House Stark,Northmen,A Game of Thrones
1037,1037,Praed,Unknown,Unknown,Unknown,A Clash of Kings
1039,1039,Preston Greenfield,Unknown,"House Greenfield, House Baratheon of King's Landing, Kingsguard",Unknown,"A Game of Thrones, A Clash of Kings, A Storm of Swords, A Feast for Crows"
1043,1043,Puckens,Unknown,Unknown,Unknown,A Feast for Crows
1045,1045,Pycelle,Unknown,"The Citadel, House Lannister",Unknown,"A Game of Thrones, A Clash of Kings, A Storm of Swords, A Feast for Crows, A Dance with Dragons"
1046,1046,Pyg,Unknown,Unknown,Unknown,A Feast for Crows
1047,1047,Pypar,"Pyp, Monkey",The Night's Watch,Unknown,"A Game of Thrones, A Feast for Crows"
1053,1053,Qarl the Maid,Qarl the Maid,House Greyjoy,Ironborn,"A Clash of Kings, A Feast for Crows, A Dance with Dragons"
1058,1058,Qotho,Unknown,Khal Drogo,Dothraki,A Game of Thrones
1060,1060,Quaro,Unknown,Khal Drogo's khalasar,Dothraki,A Game of Thrones
1063,1063,Quellon Humble,Unknown,House Humble,Ironborn,A Feast for Crows
1064,1064,Quenten Banefort,Unknown,House Lannister,Unknown,"A Game of Thrones, A Storm of Swords, A Feast for Crows"
1067,1067,Quenton Greyjoy (cousin),Unknown,House Greyjoy,Ironborn,A Dance with Dragons
1071,1071,Quincy Cox,Unknown,House Cox,Andals,A Feast for Crows
1072,1072,Qyburn,"The Bloody Maester, Lord Qyburn","House Baratheon of King's Landing, House Lannister, Brave Companions, Order of Maesters",Andals,"A Clash of Kings, A Storm of Swords, A Feast for Crows, A Dance with Dragons"
1073,1073,Qyle,Unknown,Unknown,Unknown,A Clash of Kings
1075,1075,Rakharo,Unknown,"Khal Drogo's khalasar, House Targaryen, The Queensguard",Dothraki,A Game of Thrones
1076,1076,Ralf Kenning,Unknown,House Kenning of Harlaw,Ironborn,"A Feast for Crows, A Dance with Dragons"
1077,1077,Ralf Stonehouse,Red Ralf Stonehouse,House Stonehouse,Ironborn,"A Feast for Crows, A Dance with Dragons"
1078,1078,Rast,Rat,The Night's Watch,Unknown,"A Game of Thrones, A Storm of Swords"
1084,1084,Raymun Darry,Unknown,"House Darry, House Targaryen",Rivermen,A Game of Thrones
1085,1085,Raymun Redbeard,Unknown,The Free Folk,The Free Folk,A Dance with Dragons
1086,1086,Raymund Frey,Unknown,House Frey,Rivermen,"A Clash of Kings, A Storm of Sword, A Feast for Crows, A Dance with Dragons"
1089,1089,Raynald Westerling,Unknown,"House Westerling, House Stark",Unknown,"A Storm of Swords, A Feast for Crows"
1090,1090,Raynard Ruttiger,Unknown,House Ruttiger,Unknown,A Feast for Crows
1091,1091,Red Oarsman,Unknown,Unknown,Ironborn,A Feast for Crows
1095,1095,Regenard Estren,Unknown,House Estren,Unknown,"A Game of Thrones, A Storm of Swords, A Feast for Crows"
1098,1098,Renfred Rykker,Unknown,House Rykker,Crownlander,A Feast for Crows
1100,1100,Rennifer Longwaters,Unknown,House Longwaters,Unknown,A Feast for Crows
1102,1102,Reysen,Rey,Unknown,Unknown,A Clash of Kings
1103,1103,Rhae Targaryen,Unknown,House Targaryen,Crownlander,A Feast for Crows
1107,1107,Rhaegel Targaryen,Unknown,House Targaryen,Crownlander,
1108,1108,Rhaego,The Stallion Who Mounts the World,"House Targaryen, Drogo's Khalasar","Dothraki, Valyrian","A Game of Thrones, A Clash of Kings, A Dance with Dragons"
1109,1109,Rhaella Targaryen,Unknown,House Targaryen,Crownlands,"A Game of Thrones, A Clash of Kings, A Storm of Swords, A Feast for Crows, A Dance with Dragons"
1115,1115,Rhogoro,Unknown,Khal Moro,Dothraki,A Game of Thrones
1116,1116,Ricasso,Unknown,House Martell,Unknown,"A Feast for Crows, A Dance with Dragons"
1117,1117,Richard Horpe,"Wrong-way ranger, The slayer, The knight of the moths","House Horpe, House Baratheon of Dragonstone, The Queen's men",Unknown,"A Clash of Kings, A Storm of Swords, A Dance with Dragons"
1120,1120,Rickard Stark,Unknown,House Stark,Northmen,"A Game of Thrones, A Clash of Kings, A Storm of Swords, A Dance with Dragons"
1124,1124,Rickon Stark,Unknown,House Stark,Northmen,"A Game of Thrones, A Clash of Kings, A Storm of Swords, A Feast for Crows, A Dance with Dragons, The Winds of Winter"
1128,1128,Robar Royce,Robar the Red,"House Royce, House Arryn, Rainbow Guard",Andals,"A Game of Thrones, A Clash of Kings"
1132,1132,Robb Stark,"The Young Wolf, The King Who Lost the North, Robb the Lord, The wolfling, The pup, The Boy Wolf",House Stark,Northmen,"A Game of Thrones, A Clash of Kings, A Storm of Swords, A Feast for Crows, A Dance with Dragons, The Winds of Winter"
1135,1135,Robert Blackwood,Unknown,House Blackwood,First Men,A Dance with Dragons
1137,1137,Robert Brax,Unknown,House Brax,Unknown,A Storm of Swords
1140,1140,Robert I Baratheon,"Robert of the House Baratheon, the First of His Name, Robert the Usurper, The Demon of the Trident, The Whoremonger King","House Baratheon, House Baratheon of King's Landing",Andals,"A Game of Thrones, A Clash of Kings, A Storm of Swords, A Feast for Crows, A Dance with Dragons, The Winds of Winter"
1142,1142,Robert Strong,"The Silent Giant, Qyburn's Mute Monster",Kingsguard of Tommen I,Unknown,A Dance with Dragons
1143,1143,Robett Glover,Unknown,House Glover,Northmen,"A Game of Thrones, A Clash of Kings, A Storm of Swords, A Feast for Crows, A Dance with Dragons"
1145,1145,Robin Greyjoy,Unknown,House Greyjoy,Ironborn,A Feast for Crows
1147,1147,Robin Ryger,Unknown,"House Ryger, House Tully, House Stark, House Baelish",Riverlands,"A Clash of Kings, A Storm of Swords, A Feast for Crows"
1152,1152,Rodrik Cassel,Unknown,"House Cassel, House Stark",Unknown,A Game of Thrones
1154,1154,Rodrik Harlaw,Rodrik the Reader,"House Harlaw, House Greyjoy",Ironborn,"A Feast for Crows, A Dance with Dragons"
1155,1155,Rodrik Sparr,The Vole,House Sparr,Ironborn,A Dance with Dragons
1164,1164,Roland Crakehall,Unknown,House Crakehall,Unknown,"A Clash of Kings, A Feast for Crows"
1168,1168,Rolder,Unknown,House Lannister,Unknown,A Feast for Crows
1169,1169,Rollam Westerling,Unknown,"House Westerling, House Stark",Unknown,"A Storm of Swords, A Feast for Crows"
1172,1172,Rolley of Sisterton,Unknown,The Night's Watch,Sistermen,A Storm of Swords
1173,1173,Rolly Duckfield,"Duck, Ser Duck","Golden Company, House Targaryen, Kingsguard",Andals,A Dance with Dragons
1174,1174,Rolph Spicer,Unknown,"House Spicer, House Westerling",Unknown,A Storm of Swords
1175,1175,Romny Weaver,Unknown,House Weaver,Ironborn,A Feast for Crows
1176,1176,Ronel Rivers,Unknown,House Frey,Rivermen,A Game of Thrones
1179,1179,Roone,Unknown,Unknown,Unknown,A Feast for Crows
1180,1180,Roose Bolton,The Leech Lord,House Bolton,Northmen,"A Game of Thrones, A Clash of Kings, A Storm of Swords, A Feast for Crows, A Dance with Dragons, The Winds of Winter"
1181,1181,Rorge,"Broken Nose, The Mad Dog of Saltpans, Sandor Clegane, The Hound",Brave Companions,Unknown,"A Clash of Kings, A Storm of Swords, A Feast for Crows"
1182,1182,Roryn Drumm,Roryn the Reaver,House Drumm,Ironborn,A Feast for Crows
1184,1184,Rosamund Lannister,Unknown,House Lannister of Lannisport,Andals,A Feast for Crows
1186,1186,Rosey,Unknown,Unknown,Unknown,A Feast for Crows
1187,1187,Rosey (daughter of Aegon IV),Unknown,Faith of the Seven,Crownlander,
1188,1188,Roslin Tully,Roslin Frey,"House Frey, House Tully",Andals,"A Storm of Swords, A Feast for Crows, A Dance with Dragons"
1192,1192,Rufus Leek,Unknown,"House Leek, House Rykker",Crownlander,A Feast for Crows
1194,1194,Rus,Unknown,Unknown,Unknown,A Feast for Crows
1200,1200,Ryk,Longspear Ryk,Unknown,Free Folk,"A Clash of Kings, A Storm of Swords, A Dance with Dragons"
1202,1202,Ryman Frey,Unknown,"House Frey, House Tully",Riverlands,"A Clash of Kings, A Storm of Swords, A Feast for Crows"
1203,1203,Rymolf,Rymolf Stormdrunk,House Greyjoy,Ironborn,A Clash of Kings
1213,1213,Samwell Spicer,Unknown,House Spicer,Unknown,A Storm of Swords
1215,1215,Samwell Tarly,"Sam, Ser Piggy, The Lord of Ham, Lady Piggy, Sam the Slayer, Black Sam","House Tarly, Night's Watch",Andals,"A Game of Thrones, A Clash of Kings, A Storm of Swords, A Feast for Crows, A Dance with Dragons, The Winds of Winter"
1216,1216,Sandor Clegane,"The Hound, Dog, Joffrey's dog","House Clegane, House Lannister, House Baratheon of King's Landing",Unknown,"A Game of Thrones, A Clash of Kings, A Storm of Swords, A Feast for Crows, A Dance with Dragons"
1217,1217,Sansa Stark,Little bird,"House Stark, House Lannister, House Arryn, House Baelish",Northmen,"A Game of Thrones, A Clash of Kings, A Storm of Swords, A Feast for Crows, A Dance with Dragons, The Winds of Winter"
1224,1224,Satin,Unknown,The Night's Watch,Reachmen,"A Clash of Kings, A Storm of Swords, A Feast for Crows, A Dance with Dragons"
1225,1225,Sawane Botley,Unknown,House Botley,Ironborn,A Feast for Crows
1230,1230,Selyse Florent,Selyse Baratheon,"House Florent, House Baratheon of Dragonstone",Andals,"A Clash of Kings, A Storm of Swords, A Feast for Crows, A Dance with Dragons"
1231,1231,Senelle,Unknown,Unknown,Unknown,A Feast for Crows
1233,1233,Serra,Unknown,Unknown,Lysene,A Dance with Dragons
1235,1235,Shadrich,Unknown,"House Baratheon of Dragonstone, Varys, House Baelish",Unknown,A Feast for Crows
1236,1236,Shae,Unknown,Tyrion Lannister,Unknown,"A Game of Thrones, A Clash of Kings, A Storm of Swords, A Feast for Crows, A Dance with Dragons, The Winds of Winter"
1237,1237,Shaena Targaryen,Unknown,House Targaryen,Unknown,
1238,1238,Shagwell,Unknown,Unknown,Unknown,"A Clash of Kings, A Storm of Swords, A Feast for Crows"
1240,1240,Shella Whent,Unknown,"House Whent, House Tully",Riverlands,"A Game of Thrones, A Feast for Crows"
1245,1245,Shireen Baratheon,Unknown,House Baratheon of Dragonstone,Andals,"A Clash of Kings, A Storm of Swords, A Dance with Dragons"
1246,1246,Shirei Frey,Unknown,House Frey,Rivermen,"A Clash of Kings, A Storm of Swords, A Feast for Crows, A Dance with Dragons"
1247,1247,Shortear,Unknown,Unknown,Unknown,A Feast for Crows
1250,1250,Sigfry Stonetree,Unknown,House Stonetree,Ironborn,A Feast for Crows
1251,1251,Sigfryd Harlaw,Sigfryd Silverhair,House Harlaw of Harlaw Hall,Unknown,A Feast for Crows
1252,1252,Sigorn,Unknown,"House Karstark, House Stark",Northmen,"A Feast for Crows, A Dance with Dragons"
1256,1256,Skahaz mo Kandaq,"The Shavepate, Skahaz Shavepate","House of Kandaq, House Targaryen, Shavepates, Brazen Beasts",Ghiscari,A Dance with Dragons
1258,1258,Small Paul,Unknown,Unknown,Unknown,A Storm of Swords
1262,1262,Stafford Lannister,Unknown,House Lannister,Unknown,A Clash of Kings
1263,1263,Stallion Who Mounts the World,Unknown,Unknown,Unknown,A Game of Thrones
1264,1264,Stannis Baratheon,"Stannis of the House Baratheon, the First of His Name, The King in the Narrow Sea, The King of Dragonstone, The King at the Wall, The King of the Painted Table, Azor Ahai reborn, Azor Ahai come again, The dark lord","House Baratheon, House Baratheon of Dragonstone, R'hllor",Andals,"A Game of Thrones, A Clash of Kings, A Storm of Swords, A Feast for Crows, A Dance with Dragons, The Winds of Winter"
1265,1265,Brandon Stark,The Wild Wolf,House Stark,Northmen,"A Game of Thrones, A Clash of Kings, A Storm of Swords, A Dance with Dragons"
1266,1266,Steffarion Sparr,Unknown,House Sparr,Ironborn,A Feast for Crows
1272,1272,Steffon Swyft,Unknown,House Swyft,Unknown,A Feast for Crows
1273,1273,Stevron Frey,Unknown,House Frey,Andals,"A Game of Thrones, A Clash of Kings, A Storm of Swords"
1274,1274,Stiv,Unknown,Night's Watch,Unknown,A Game of Thrones
1276,1276,Mya Stone,Unknown,House Royce of the Gates of the Moon,Andals,"A Game of Thrones, A Feast for Crows"
1279,1279,Sybell Spicer,Unknown,"House Spicer, House Westerling",Unknown,"A Storm of Swords, A Feast for Crows"
1284,1284,Symond Frey,Unknown,"House Frey, House Tully, House Baelish",Riverlands,A Dance with Dragons
1285,1285,Symond Templeton,Unknown,"House Templeton, Lords Declarant",Valemen,A Feast for Crows
1286,1286,Taena Merryweather,Unknown,"House Merryweather, House Lannister",Myrish,"A Storm of Swords, A Feast for Crows"
1287,1287,Talbert Serry,Unknown,House Serry,Unknown,"A Feast for Crows, A Dance with Dragons"
1288,1288,Talla Tarly,Unknown,House Tarly,The Reach,
1289,1289,Tanda Stokeworth,Unknown,House Stokeworth,Unknown,"A Game of Thrones, A Clash of Kings, A Storm of Swords, A Feast for Crows"
1290,1290,Rhaegar Targaryen,"The Silver Dragon, The Last Dragon, The Silver Prince, The prince that was promised, The Dragon Prince",House Targaryen,Crownlands,"A Game of Thrones, A Clash of Kings, A Storm of Swords, A Feast for Crows, A Dance with Dragons, The Winds of Winter"
1291,1291,Tarle,Tarle the Thrice-Drowned,Drowned Men,Ironborn,A Feast for Crows
1295,1295,Ternesio Terys,Unknown,Titan's Daughter,Unknown,A Feast for Crows
1297,1297,The Sparr,Unknown,House Sparr,Ironborn,A Feast for Crows
1298,1298,The Stonehouse,Unknown,House Stonehouse,Ironborn,A Feast for Crows
1302,1302,Theomore,Unknown,"House Lannister of Lannisport, The Citadel, House Manderly",Unknown,A Dance with Dragons
1304,1304,Theon Greyjoy,"The Prince of Fools, Theon Turncloak, The Squid Prince, Reek, Theon Kinslayer, The Prince of Stink, The Rightful Lord of the Iron Islands","House Greyjoy, House BoltonHouse Stark",Ironborn,"A Game of Thrones, A Clash of Kings, A Storm of Swords, A Feast for Crows, A Dance with Dragons, The Winds of Winter"
1305,1305,Thoren Smallwood,Unknown,"House Smallwood, The Night's Watch",Rivermen,"A Clash of Kings, A Storm of Swords"
1306,1306,Thoros of Myr,Unknown,Unknown,Unknown,"A Game of Thrones, A Storm of Swords, A Feast for Crows"
1307,1307,Three-Eyed Crow,"The Three-Eyed Crow, The Last Greenseer, Lord Brynden",Unknown,Westeros,"A Game of Thrones, A Clash of Kings, A Storm of Swords, A Dance with Dragons"
1308,1308,Timeon,Unknown,Unknown,Unknown,A Storm of Swords
1310,1310,Tion Frey,Unknown,"House Frey, House Lannister",Unknown,"A Game of Thrones, A Clash of Kings, A Storm of Swords"
1315,1315,Todder,Toad,The Night's Watch,Unknown,"A Game of Thrones, A Clash of Kings, A Storm of Swords, A Dance with Dragons"
1316,1316,Todric,Unknown,Unknown,Ironborn,A Clash of Kings
1318,1318,Tom Codd,Bloodless Tom,House Codd,Ironborn,A Dance with Dragons
1321,1321,Tom of Sevenstreams,Unknown,Unknown,Unknown,"A Storm of Swords, A Feast for Crows"
1322,1322,Tomard,Fat Tom,House Stark,Northmen,A Game of Thrones
1323,1323,Tommen Costayne,Unknown,"House Costayne, House Hightower, House Tyrell",The Reach,"A Game of Thrones, A Clash of Kings"
1324,1324,Tommen I Baratheon,"Tommen of the House Baratheon, the First of His Name, The Boy King",House Baratheon of King's Landing,Andals,"A Game of Thrones, A Clash of Kings, A Storm of Swords, A Feast for Crows, A Dance with Dragons, The Winds of Winter"
1328,1328,Torghen Flint,Old Flint,First Flints,Northern mountain clans,A Dance with Dragons
1330,1330,Torrhen Karstark,Torr,House Karstark,Unknown,A Game of Thrones
1333,1333,Torwynd,Torwynd the Tame,Unknown,Free Folk,"A Storm of Swords, A Dance with Dragons"
1335,1335,Tregar,Unknown,House Lannister,Unknown,A Game of Thrones
1336,1336,Tristifer Botley,Tris,House Botley,Ironborn,"A Feast for Crows, A Dance with Dragons"
1339,1339,Triston of Tally Hill,Triston of Tally Hill,"House Sunglass, House Baratheon of Dragonstone",Unknown,A Storm of Swords
1340,1340,Trystane Martell,Unknown,House Nymeros Martell,Dornishmenmen,"A Game of Thrones, A Clash of Kings, A Storm of Swords, A Feast for Crows, A Dance with Dragons"
1341,1341,Edmure Tully,Unknown,"House Tully, House Stark",Andals,"A Game of Thrones, A Clash of Kings, A Storm of Swords, A Feast for Crows"
1342,1342,Hoster Tully,Unknown,"House Tully, House Baratheon, House Stark",Riverlands,"A Game of Thrones, A Storm of Swords"
1347,1347,Tyene Sand,Unknown,Unknown,Unknown,A Feast for Crows
1349,1349,Margaery Tyrell,"Little rose, Little queen, Queen Margaery, Maid Margaery","House Tyrell, House Baratheon of King's Landing, House Baratheon of Storm's End",Andals,"A Game of Thrones, A Clash of Kings, A Storm of Swords, A Feast for Crows, A Dance with Dragons"
1350,1350,Tyrion Lannister,"The Imp, Halfman, Boyman, Giant of Lannister, Lord Tywin's Doom, Lord Tywin's Bane, Yollo, Hugor Hill, No-nose, Redhands, Monkey demon","House Lannister, Second Sons",Andals,"A Game of Thrones, A Clash of Kings, A Storm of Swords, A Feast for Crows, A Dance with Dragons, The Winds of Winter"
1351,1351,Tyrion Tanner,Unknown,House Stokeworth,Unknown,"A Clash of Kings, A Storm of Swords, A Feast for Crows"
1354,1354,Tyta Frey,Tyta the Maid,House Frey,Riverlander,"A Clash of Kings, A Storm of Swords, A Feast for Crows, A Dance with Dragons"
1355,1355,Tytos Blackwood,Unknown,"House Blackwood, House Tully, House Stark, House Baelish",Riverlands,"A Game of Thrones, A Dance with Dragons"
1356,1356,Tytos Brax,Unknown,House Brax,Unknown,"A Game of Thrones, A Clash of Kings, A Feast for Crows"
1358,1358,Tywin Frey,Unknown,"House Frey, House Frey of Riverrun",Unknown,"A Storm of Swords, A Feast for Crows"
1360,1360,Uller,Unknown,House Greyjoy,Ironborn,A Clash of Kings
1361,1361,Umfred,Unknown,House Baelish,Unknown,A Storm of Swords
1362,1362,Umma,Unknown,Faceless Men,Braavosi,A Feast for Crows
1369,1369,Urswyck,Unknown,Unknown,Unknown,A Storm of Swords
1371,1371,Utherydes Wayn,Unknown,"House Wayn, House Tully, House Stark, House Frey",Riverlands,"A Game of Thrones, A Clash of Kings"
1373,1373,Utt,Unknown,Unknown,Unknown,"A Clash of Kings, A Storm of Swords"
1378,1378,Varamyr,"Lump, Varamyr Sixskins, Haggon","Himself, Mance Rayder",Unknown,"A Storm of Swords, A Dance with Dragons"
1379,1379,Vardis Egen,Unknown,"House Egen, House Arryn",Valemen,A Game of Thrones
1380,1380,Vargo Hoat,Unknown,Unknown,Unknown,"A Clash of Kings, A Storm of Swords"
1381,1381,Varly,Unknown,House Stark,Northmen,A Game of Thrones
1382,1382,Varys,"The Spider, The King's Spider, The Eunuch, Lord Varys, Rugen","House Baratheon of King's Landing, House Targaryen",Lysene,"A Game of Thrones, A Clash of Kings, A Storm of Swords, A Feast for Crows, A Dance with Dragons"
1383,1383,Vayon Poole,Unknown,"House Poole, House Stark",Unknown,A Game of Thrones
1390,1390,Visenya Targaryen,Unknown,House Targaryen,Valyrians,"A Game of Thrones, A Clash of Kings, A Storm of Swords, A Feast for Crows, A Dance with Dragons"
1392,1392,Viserys II Targaryen,Viserys Targaryen the Second of His Name,House Targaryen,Free Cities,"A Game of Thrones, A Storm of Swords"
1393,1393,Viserys III Targaryen,"Viserys of the House Targaryen, the Third of His Name, The Beggar King, Khal Rhae Mhar (the Sorefoot King), Khal Rhaggat (the Cart King)",House Targaryen,Valyrians and the Free Cities,"A Game of Thrones, A Clash of Kings, A Storm of Swords, A Feast for Crows, A Dance with Dragons, The Winds of Winter"
1397,1397,Waif,Unknown,Faceless Men,Unknown,A Feast for Crows
1399,1399,Walda Frey (daughter of Merrett),"Walda Frey, Fat Walda","House Frey, House Bolton",Andals,"A Clash of Kings, A Storm of Swords, A Dance with Dragons"
1401,1401,Walda Frey (daughter of Walton),Fair Walda,House Frey,Unknown,"A Clash of Kings, A Storm of Swords"
1403,1403,Walder Frey,"The Late Lord Frey, Old Frey","House Frey, House Baelish",Andals,"A Game of Thrones, A Storm of Swords"
1404,1404,Walder Frey (Black),Unknown,"House Frey, House Tully, House Baelish",Riverlands,"A Clash of Kings, A Storm of Swords"
1406,1406,Walder Frey (son of Jammos),Big Walder,"House Frey, House Bolton, House Stark",Andals,"A Clash of Kings, A Dance with Dragons"
1407,1407,Walder Frey (son of Merrett),Little Walder,"House Frey, House Bolton, House Stark",Andals,"A Clash of Kings, A Dance with Dragons"
1410,1410,Walder Rivers,Unknown,"House Frey, House Tully",Riverlands,"A Storm of Swords, A Feast for Crows"
1412,1412,Waldon Wynch,Unknown,House Wynch,Ironborn,A Feast for Crows
1415,1415,Wallen,Unknown,Night's Watch,Unknown,A Game of Thrones
1417,1417,Walter Wyl,Unknown,House Wyl,Dornishmen,
1421,1421,Waltyr Frey,Tyr,House Frey,Rivermen,"A Clash of Kings, A Storm of Swords, A Feast for Crows, A Dance with Dragons"
1423,1423,Watt of Long Lake,Watt of Long Lake,The Night's Watch,Northmen,A Storm of Swords
1424,1424,Waymar Royce,Unknown,Unknown,Unknown,A Game of Thrones
1427,1427,Wendamyr,Unknown,House Greyjoy,Unknown,A Feast for Crows
1428,1428,Wendel Frey,Unknown,House Frey,Rivermen,"A Clash of Kings, A Storm of Swords, A Feast for Crows, A Dance with Dragons"
1429,1429,Wendel Manderly,Unknown,Unknown,Unknown,"A Game of Thrones, A Clash of Kings, A Storm of Swords, A Dance with Dragons"
1430,1430,Wex Pyke,Unknown,"House Botley, House Greyjoy",Ironborn,"A Clash of Kings, A Dance with Dragons"
1431,1431,Whalen Frey,Unknown,House Frey,Unknown,"A Game of Thrones, A Storm of Swords, A Feast for Crows"
1432,1432,Wick Whittlestick,Unknown,The Night's Watch,Unknown,A Dance with Dragons
1433,1433,Will,Unknown,Unknown,Unknown,A Game of Thrones
1434,1434,Will Humble,Unknown,House Humble,Ironborn,A Feast for Crows
1435,1435,Willamen Frey,Unknown,"House Frey, , The Citadel, House Hunter",Rivermen,"A Clash of Kings, A Storm of Swords, A Feast for Crows, A Dance with Dragons"
1438,1438,Willem Frey,Unknown,"House Frey, House Frey of Riverrun",Unknown,A Feast for Crows
1439,1439,Willem Lannister,Unknown,House Lannister,Unknown,"A Game of Thrones, A Clash of Kings, A Storm of Swords"
1440,1440,William Mooton,Unknown,Unknown,Unknown,"A Clash of Kings, A Storm of Swords, A Feast for Crows"
1441,1441,Willis Wode,Unknown,"House Wode, House Tully, House Baelish",Riverlands,"A Game of Thrones, A Feast for Crows"
1442,1442,Willow (daughter of Aegon IV),Unknown,Faith of the Seven,Crownlander,
1444,1444,Woth,Unknown,Unknown,Unknown,A Clash of Kings
1446,1446,Wyl of Wyl,The Widow-lover,House Wyl,Dornishmenmen,
1447,1447,Wylis Manderly,Unknown,"House Manderly, House Stark",Unknown,"A Game of Thrones, A Clash of Kings, A Storm of Swords, A Feast for Crows, A Dance with Dragons"
1450,1450,Wylla Manderly,Unknown,House Manderly,Northmen,A Dance with Dragons
1453,1453,Wynafryd Manderly,Unknown,"House Manderly, House Stark",Unknown,A Dance with Dragons
1454,1454,Wynton Stout,Unknown,"House Stout, The Night's Watch",Northmen,A Storm of Swords
1456,1456,Yandry,Unknown,House Targaryen,Unknown,A Dance with Dragons
1457,1457,Ygon Farwynd,Unknown,House Farwynd of the Lonely Light,Ironborn,A Feast for Crows
1458,1458,Ygritte,Unknown,Mance Rayder,Free Folk,"A Clash of Kings, A Storm of Swords, A Feast for Crows, A Dance with Dragons"
1459,1459,Yohn Farwynd,Unknown,House Farwynd of the Lonely Light,Ironborn,A Feast for Crows
1460,1460,Yohn Royce,Bronze Yohn,"House Royce of Runestone, House Arryn",Unknown,A Game of Thrones
1462,1462,Yoren,Unknown,Night's Watch,Unknown,"A Game of Thrones, A Clash of Kings"
1463,1463,Yorko Terys,Unknown,Titan's Daughter,Unknown,A Feast for Crows
1465,1465,Ysilla,Unknown,Unknown,Unknown,A Dance with Dragons
1467,1467,Zollo,Unknown,Unknown,Unknown,A Clash of Kings
1468,1468,High Sparrow,"The High Sparrow, His High Holiness, The Father of the Faithful, The Voice of the Seven on Earth","Faith of the Seven, Faith Militant, Sparrows",Andals,"A Feast for Crows, A Dance with Dragons"
1469,1469,Jaime Lannister,"Kingslayer, The Lion of Lannister, The golden man, Cripple, The Young Lion, Goldenhand","House Lannister, Kingsguard",Andals,"A Game of Thrones, A Clash of Kings, A Storm of Swords, A Feast for Crows, A Dance with Dragons, The Winds of Winter"
1470,1470,Tormund,"Tormund Giantsbane, Tall-talker, Horn-blower",Mance Rayder,Free folk,"A Storm of Swords, A Feast for Crows, A Dance with Dragons"
1471,1471,Jon Snow,"Lord Snow, The Bastard of Winterfell, Lord Crow","House Stark, The Night's Watch",Northmen,"A Game of Thrones, A Clash of Kings, A Storm of Swords, A Feast for Crows, A Dance with Dragons, The Winds of Winter"
1472,1472,Tywin Lannister,"The great lion of the rock, The old lion",House Lannister,Westermen,"A Game of Thrones, A Clash of Kings, A Storm of Swords, A Feast for Crows, A Dance with Dragons, The Winds of Winter"
1473,1473,Missandei,Unknown,House Targaryen,Naathi,"A Storm of Swords, A Feast for Crows, A Dance with Dragons"
1474,1474,Grey Worm,Unknown,"The Unsullied, House Targaryen",Unknown,"A Storm of Swords, A Feast for Crows, A Dance with Dragons, The Winds of Winter"
